[{"model": "contenttypes.contenttype", "fields": {"app_label": "admin", "model": "logentry"}}, {"model": "contenttypes.contenttype", "fields": {"app_label": "auth", "model": "permission"}}, {"model": "contenttypes.contenttype", "fields": {"app_label": "auth", "model": "group"}}, {"model": "contenttypes.contenttype", "fields": {"app_label": "contenttypes", "model": "contenttype"}}, {"model": "contenttypes.contenttype", "fields": {"app_label": "sessions", "model": "session"}}, {"model": "contenttypes.contenttype", "fields": {"app_label": "taggit", "model": "tag"}}, {"model": "contenttypes.contenttype", "fields": {"app_label": "taggit", "model": "taggeditem"}}, {"model": "contenttypes.contenttype", "fields": {"app_label": "users", "model": "customuser"}}, {"model": "contenttypes.contenttype", "fields": {"app_label": "users", "model": "contact"}}, {"model": "contenttypes.contenttype", "fields": {"app_label": "books", "model": "book"}}, {"model": "contenttypes.contenttype", "fields": {"app_label": "books", "model": "category"}}, {"model": "contenttypes.contenttype", "fields": {"app_label": "saves", "model": "savedbooks"}}, {"model": "contenttypes.contenttype", "fields": {"app_label": "orders", "model": "order"}}, {"model": "contenttypes.contenttype", "fields": {"app_label": "orders", "model": "offerbook"}}, {"model": "contenttypes.contenttype", "fields": {"app_label": "actions", "model": "action"}}, {"model": "contenttypes.contenttype", "fields": {"app_label": "thumbnail", "model": "kvstore"}}, {"model": "contenttypes.contenttype", "fields": {"app_label": "orders", "model": "offeritem"}}, {"model": "contenttypes.contenttype", "fields": {"app_label": "orders", "model": "offer"}}, {"model": "contenttypes.contenttype", "fields": {"app_label": "social_django", "model": "association"}}, {"model": "contenttypes.contenttype", "fields": {"app_label": "social_django", "model": "code"}}, {"model": "contenttypes.contenttype", "fields": {"app_label": "social_django", "model": "nonce"}}, {"model": "contenttypes.contenttype", "fields": {"app_label": "social_django", "model": "usersocialauth"}}, {"model": "contenttypes.contenttype", "fields": {"app_label": "social_django", "model": "partial"}}, {"model": "contenttypes.contenttype", "fields": {"app_label": "django_celery_results", "model": "taskresult"}}, {"model": "sessions.session", "pk": "62nbfb94o8tqunca939q8kf930y0rjb3", "fields": {"session_data": "ZGY5MGU3YzMzN2IyMmQxNGU1ZjkxODkyMWMzOGE0Yzk2ZjlkM2M2Mjp7ImNhcnQiOnsiMjciOnsicHJpY2UiOiIxMC4wMCJ9fSwiZmFjZWJvb2tfc3RhdGUiOiJSNDJyNXQzRlF5ak9yVWVQaEhDQW9BdUtzTXllRE5CNyJ9", "expire_date": "2019-02-25T21:58:05.926Z"}}, {"model": "sessions.session", "pk": "hawm7y8ozw9s1pyqzalgxdmj8rjev540", "fields": {"session_data": "NDU3Y2RhMWMyNTJmNWIwZGYwMjdhNjkxNTY0YTJjZTA2MjcyYWExZjp7ImNhcnQiOnt9LCJmYWNlYm9va19zdGF0ZSI6InNiUjhoOHlNbzdtd05SRXBqZU5HYkY4NVg1VWdodk5OIiwiX2F1dGhfdXNlcl9pZCI6IjkiLCJfYXV0aF91c2VyX2JhY2tlbmQiOiJzb2NpYWxfY29yZS5iYWNrZW5kcy5mYWNlYm9vay5GYWNlYm9va09BdXRoMiIsIl9hdXRoX3VzZXJfaGFzaCI6Ijk0YzNmMGY5NzFmMDUyNTg4ZTczODMxMTUwYjU1M2YyMDNkZmI2NDMiLCJzb2NpYWxfYXV0aF9sYXN0X2xvZ2luX2JhY2tlbmQiOiJmYWNlYm9vayJ9", "expire_date": "2019-02-25T20:15:00.133Z"}}, {"model": "sessions.session", "pk": "i2ot1w50ud4tnt75qratq3ouxe6hgqbd", "fields": {"session_data": "MzgzNDI3YzViZTNkOTJhOTZjMjdjMzI3YTUzZGI1YzZhY2FlM2Y2Yzp7ImNhcnQiOnsiMjciOnsicHJpY2UiOiIxMC4wMCJ9LCIyOCI6eyJwcmljZSI6IjEwLjAwIn19fQ==", "expire_date": "2019-02-25T22:03:09.862Z"}}, {"model": "sessions.session", "pk": "qqlqrva035gvdry5mgka8se51haqjev3", "fields": {"session_data": "NDJlMjBkZjdkNDllZjE2YzM2ZjI2NzkwMWJlMWIwMjYwZjEyOTg2MDp7Il9hdXRoX3VzZXJfaWQiOiIxIiwiX2F1dGhfdXNlcl9iYWNrZW5kIjoiZGphbmdvLmNvbnRyaWIuYXV0aC5iYWNrZW5kcy5Nb2RlbEJhY2tlbmQiLCJfYXV0aF91c2VyX2hhc2giOiJiYTUzZGY3NjMxZTI2MmY4ODdiZGYyYzk2YjBlMTg5YTllZmI2OGQxIiwiY2FydCI6eyIyOCI6eyJwcmljZSI6IjEwLjAwIn19fQ==", "expire_date": "2019-02-22T01:30:38.324Z"}}, {"model": "sessions.session", "pk": "tf1sz4xmcfb3ack1savfh39bo7lr97nh", "fields": {"session_data": "ZDc5OTU5Y2U5M2JmNzY2YzE5N2Y2NjFkMzY0Mzk0ZjQ3NmFmODZlYjp7ImNhcnQiOnt9LCJmYWNlYm9va19zdGF0ZSI6ImpWeUxhb3lXdmU4SG9mdU12N25maFdtcFl3ZVk1R1hTIiwiX2F1dGhfdXNlcl9pZCI6IjgiLCJfYXV0aF91c2VyX2JhY2tlbmQiOiJzb2NpYWxfY29yZS5iYWNrZW5kcy5mYWNlYm9vay5GYWNlYm9va09BdXRoMiIsIl9hdXRoX3VzZXJfaGFzaCI6ImYyNDE1NzljOTVkNzhkYmVlYmRmYTk4ZTY5ZDRhZjg2Y2NmNjQ0YmYiLCJzb2NpYWxfYXV0aF9sYXN0X2xvZ2luX2JhY2tlbmQiOiJmYWNlYm9vayJ9", "expire_date": "2019-02-25T20:09:36.732Z"}}, {"model": "sessions.session", "pk": "y4u3r36zangap9nv9nokm6abmvqtcxdw", "fields": {"session_data": "ZDFhODMxOWFjMTBhNzM3NTM0OWUzMTliMTQ1NDg5MDBmNTEwY2NkYTp7ImNhcnQiOnt9LCJmYWNlYm9va19zdGF0ZSI6Ik53aGpqZXNvSTNxamRzMENjTlNpNWl0N0tIRlZ2TGJYIiwiX2F1dGhfdXNlcl9pZCI6IjEwIiwiX2F1dGhfdXNlcl9iYWNrZW5kIjoic29jaWFsX2NvcmUuYmFja2VuZHMuZmFjZWJvb2suRmFjZWJvb2tPQXV0aDIiLCJfYXV0aF91c2VyX2hhc2giOiJiNDIxMTBlODAyNTVkZjViNTgyZjY3YTI2NTM3YTI2Mzc4OWUyY2JjIiwic29jaWFsX2F1dGhfbGFzdF9sb2dpbl9iYWNrZW5kIjoiZmFjZWJvb2sifQ==", "expire_date": "2019-02-25T20:16:16.765Z"}}, {"model": "taggit.tag", "pk": 1, "fields": {"name": "django", "slug": "django"}}, {"model": "taggit.tag", "pk": 2, "fields": {"name": "business", "slug": "business"}}, {"model": "taggit.tag", "pk": 3, "fields": {"name": "food", "slug": "food"}}, {"model": "taggit.tag", "pk": 4, "fields": {"name": "bussiness", "slug": "bussiness"}}, {"model": "taggit.tag", "pk": 5, "fields": {"name": "history", "slug": "history"}}, {"model": "taggit.tag", "pk": 6, "fields": {"name": "python", "slug": "python"}}, {"model": "taggit.tag", "pk": 7, "fields": {"name": "obama", "slug": "obama"}}, {"model": "taggit.taggeditem", "pk": 1, "fields": {"tag": 3, "content_type": ["books", "book"], "object_id": 2}}, {"model": "taggit.taggeditem", "pk": 2, "fields": {"tag": 4, "content_type": ["books", "book"], "object_id": 1}}, {"model": "taggit.taggeditem", "pk": 3, "fields": {"tag": 5, "content_type": ["books", "book"], "object_id": 3}}, {"model": "taggit.taggeditem", "pk": 4, "fields": {"tag": 6, "content_type": ["books", "book"], "object_id": 4}}, {"model": "taggit.taggeditem", "pk": 5, "fields": {"tag": 6, "content_type": ["books", "book"], "object_id": 5}}, {"model": "taggit.taggeditem", "pk": 7, "fields": {"tag": 7, "content_type": ["books", "book"], "object_id": 7}}, {"model": "books.category", "pk": 1, "fields": {"name": "Arts & Photography", "slug": "arts-photography"}}, {"model": "books.category", "pk": 2, "fields": {"name": "Biographies & Memoirs", "slug": "biographies-memoirs"}}, {"model": "books.category", "pk": 3, "fields": {"name": "Business & Money", "slug": "business-money"}}, {"model": "books.category", "pk": 4, "fields": {"name": "Cookbooks, Food & Wine", "slug": "cookbooks-food-wine"}}, {"model": "books.category", "pk": 5, "fields": {"name": "History", "slug": "history"}}, {"model": "books.category", "pk": 6, "fields": {"name": "Travel", "slug": "travel"}}, {"model": "books.category", "pk": 7, "fields": {"name": "Mystery, Thriller & Suspense", "slug": "mystery-thriller-suspense"}}, {"model": "books.category", "pk": 8, "fields": {"name": "Test Preparation", "slug": "test-preparation"}}, {"model": "books.category", "pk": 9, "fields": {"name": "Teen & Young Adult", "slug": "teen-young-adult"}}, {"model": "books.category", "pk": 10, "fields": {"name": "Lesbian, Gay, Bisexual & Transgender Books", "slug": "lesbian-gay-bisexual-transgender-books"}}, {"model": "books.category", "pk": 11, "fields": {"name": "Comics & Graphic Novels", "slug": "comics-graphic-novels"}}, {"model": "books.category", "pk": 12, "fields": {"name": "Calendars", "slug": "calendars"}}, {"model": "books.category", "pk": 13, "fields": {"name": "Parenting & Relationships", "slug": "parenting-relationships"}}, {"model": "books.category", "pk": 14, "fields": {"name": "Health, Fitness & Dieting", "slug": "health-fitness-dieting"}}, {"model": "books.category", "pk": 15, "fields": {"name": "Humor & Entertainment", "slug": "humor-entertainment"}}, {"model": "books.category", "pk": 16, "fields": {"name": "Sports & Outdoors", "slug": "sports-outdoors"}}, {"model": "books.category", "pk": 17, "fields": {"name": "Education & Teaching", "slug": "education-teaching"}}, {"model": "books.category", "pk": 18, "fields": {"name": "Science Fiction & Fantasy", "slug": "science-fiction-fantasy"}}, {"model": "orders.offeritem", "pk": 4, "fields": {"offer": 18, "book": 30, "price": "10.00"}}, {"model": "orders.offeritem", "pk": 5, "fields": {"offer": 18, "book": 28, "price": "10.00"}}, {"model": "orders.offeritem", "pk": 6, "fields": {"offer": 18, "book": 27, "price": "10.00"}}, {"model": "orders.offeritem", "pk": 7, "fields": {"offer": 19, "book": 30, "price": "10.00"}}, {"model": "orders.offeritem", "pk": 8, "fields": {"offer": 19, "book": 28, "price": "10.00"}}, {"model": "orders.offeritem", "pk": 9, "fields": {"offer": 20, "book": 30, "price": "10.00"}}, {"model": "orders.offeritem", "pk": 10, "fields": {"offer": 20, "book": 28, "price": "10.00"}}, {"model": "orders.offeritem", "pk": 11, "fields": {"offer": 21, "book": 30, "price": "10.00"}}, {"model": "orders.offeritem", "pk": 12, "fields": {"offer": 21, "book": 28, "price": "10.00"}}, {"model": "orders.offeritem", "pk": 13, "fields": {"offer": 22, "book": 30, "price": "10.00"}}, {"model": "orders.offeritem", "pk": 14, "fields": {"offer": 22, "book": 28, "price": "10.00"}}, {"model": "orders.offeritem", "pk": 15, "fields": {"offer": 23, "book": 30, "price": "10.00"}}, {"model": "orders.offeritem", "pk": 16, "fields": {"offer": 23, "book": 28, "price": "10.00"}}, {"model": "orders.offeritem", "pk": 17, "fields": {"offer": 24, "book": 30, "price": "10.00"}}, {"model": "orders.offeritem", "pk": 18, "fields": {"offer": 24, "book": 28, "price": "10.00"}}, {"model": "orders.offeritem", "pk": 19, "fields": {"offer": 25, "book": 30, "price": "10.00"}}, {"model": "orders.offeritem", "pk": 20, "fields": {"offer": 25, "book": 28, "price": "10.00"}}, {"model": "orders.offeritem", "pk": 21, "fields": {"offer": 26, "book": 30, "price": "10.00"}}, {"model": "orders.offeritem", "pk": 22, "fields": {"offer": 26, "book": 28, "price": "10.00"}}, {"model": "orders.offeritem", "pk": 23, "fields": {"offer": 27, "book": 30, "price": "10.00"}}, {"model": "orders.offeritem", "pk": 24, "fields": {"offer": 27, "book": 28, "price": "10.00"}}, {"model": "orders.offeritem", "pk": 25, "fields": {"offer": 28, "book": 30, "price": "10.00"}}, {"model": "orders.offeritem", "pk": 26, "fields": {"offer": 28, "book": 28, "price": "10.00"}}, {"model": "orders.offeritem", "pk": 27, "fields": {"offer": 29, "book": 30, "price": "10.00"}}, {"model": "orders.offeritem", "pk": 28, "fields": {"offer": 29, "book": 28, "price": "10.00"}}, {"model": "orders.offeritem", "pk": 29, "fields": {"offer": 30, "book": 30, "price": "10.00"}}, {"model": "orders.offeritem", "pk": 30, "fields": {"offer": 30, "book": 28, "price": "10.00"}}, {"model": "orders.offeritem", "pk": 31, "fields": {"offer": 31, "book": 30, "price": "10.00"}}, {"model": "orders.offeritem", "pk": 32, "fields": {"offer": 31, "book": 28, "price": "10.00"}}, {"model": "orders.offeritem", "pk": 33, "fields": {"offer": 32, "book": 30, "price": "10.00"}}, {"model": "orders.offeritem", "pk": 34, "fields": {"offer": 32, "book": 28, "price": "10.00"}}, {"model": "orders.offeritem", "pk": 35, "fields": {"offer": 33, "book": 30, "price": "10.00"}}, {"model": "orders.offeritem", "pk": 36, "fields": {"offer": 33, "book": 28, "price": "10.00"}}, {"model": "orders.offeritem", "pk": 37, "fields": {"offer": 34, "book": 30, "price": "10.00"}}, {"model": "orders.offeritem", "pk": 38, "fields": {"offer": 34, "book": 28, "price": "10.00"}}, {"model": "orders.offeritem", "pk": 39, "fields": {"offer": 35, "book": 30, "price": "10.00"}}, {"model": "orders.offeritem", "pk": 40, "fields": {"offer": 35, "book": 28, "price": "10.00"}}, {"model": "orders.offeritem", "pk": 41, "fields": {"offer": 36, "book": 30, "price": "10.00"}}, {"model": "orders.offeritem", "pk": 42, "fields": {"offer": 36, "book": 28, "price": "10.00"}}, {"model": "orders.offeritem", "pk": 43, "fields": {"offer": 37, "book": 30, "price": "10.00"}}, {"model": "orders.offeritem", "pk": 44, "fields": {"offer": 37, "book": 28, "price": "10.00"}}, {"model": "orders.offeritem", "pk": 45, "fields": {"offer": 39, "book": 30, "price": "10.00"}}, {"model": "orders.offeritem", "pk": 46, "fields": {"offer": 39, "book": 28, "price": "10.00"}}, {"model": "orders.offeritem", "pk": 47, "fields": {"offer": 40, "book": 30, "price": "10.00"}}, {"model": "orders.offeritem", "pk": 48, "fields": {"offer": 40, "book": 28, "price": "10.00"}}, {"model": "orders.offeritem", "pk": 49, "fields": {"offer": 41, "book": 30, "price": "10.00"}}, {"model": "orders.offeritem", "pk": 50, "fields": {"offer": 41, "book": 28, "price": "10.00"}}, {"model": "orders.offeritem", "pk": 51, "fields": {"offer": 42, "book": 30, "price": "10.00"}}, {"model": "orders.offeritem", "pk": 52, "fields": {"offer": 42, "book": 28, "price": "10.00"}}, {"model": "orders.offeritem", "pk": 53, "fields": {"offer": 43, "book": 30, "price": "10.00"}}, {"model": "orders.offeritem", "pk": 54, "fields": {"offer": 43, "book": 28, "price": "10.00"}}, {"model": "orders.offeritem", "pk": 55, "fields": {"offer": 44, "book": 30, "price": "10.00"}}, {"model": "orders.offeritem", "pk": 56, "fields": {"offer": 44, "book": 28, "price": "10.00"}}, {"model": "orders.offeritem", "pk": 57, "fields": {"offer": 45, "book": 30, "price": "10.00"}}, {"model": "orders.offeritem", "pk": 58, "fields": {"offer": 45, "book": 28, "price": "10.00"}}, {"model": "orders.offeritem", "pk": 59, "fields": {"offer": 46, "book": 30, "price": "10.00"}}, {"model": "orders.offeritem", "pk": 60, "fields": {"offer": 46, "book": 28, "price": "10.00"}}, {"model": "orders.offeritem", "pk": 61, "fields": {"offer": 47, "book": 30, "price": "10.00"}}, {"model": "orders.offeritem", "pk": 62, "fields": {"offer": 47, "book": 28, "price": "10.00"}}, {"model": "orders.offeritem", "pk": 63, "fields": {"offer": 48, "book": 30, "price": "10.00"}}, {"model": "orders.offeritem", "pk": 64, "fields": {"offer": 48, "book": 28, "price": "10.00"}}, {"model": "orders.offeritem", "pk": 65, "fields": {"offer": 49, "book": 30, "price": "10.00"}}, {"model": "orders.offeritem", "pk": 66, "fields": {"offer": 49, "book": 28, "price": "10.00"}}, {"model": "orders.offeritem", "pk": 67, "fields": {"offer": 50, "book": 30, "price": "10.00"}}, {"model": "orders.offeritem", "pk": 68, "fields": {"offer": 50, "book": 28, "price": "10.00"}}, {"model": "orders.offeritem", "pk": 69, "fields": {"offer": 51, "book": 4, "price": "19.99"}}, {"model": "orders.offeritem", "pk": 70, "fields": {"offer": 52, "book": 30, "price": "10.00"}}, {"model": "orders.offeritem", "pk": 71, "fields": {"offer": 52, "book": 28, "price": "10.00"}}, {"model": "orders.offeritem", "pk": 72, "fields": {"offer": 53, "book": 30, "price": "10.00"}}, {"model": "orders.offeritem", "pk": 73, "fields": {"offer": 53, "book": 28, "price": "10.00"}}, {"model": "orders.offeritem", "pk": 74, "fields": {"offer": 54, "book": 30, "price": "10.00"}}, {"model": "orders.offeritem", "pk": 75, "fields": {"offer": 54, "book": 28, "price": "10.00"}}, {"model": "orders.offeritem", "pk": 76, "fields": {"offer": 55, "book": 30, "price": "10.00"}}, {"model": "orders.offeritem", "pk": 77, "fields": {"offer": 55, "book": 28, "price": "10.00"}}, {"model": "orders.offeritem", "pk": 78, "fields": {"offer": 56, "book": 30, "price": "10.00"}}, {"model": "orders.offeritem", "pk": 79, "fields": {"offer": 56, "book": 28, "price": "10.00"}}, {"model": "orders.offeritem", "pk": 80, "fields": {"offer": 57, "book": 30, "price": "10.00"}}, {"model": "orders.offeritem", "pk": 81, "fields": {"offer": 57, "book": 28, "price": "10.00"}}, {"model": "orders.offeritem", "pk": 82, "fields": {"offer": 58, "book": 30, "price": "10.00"}}, {"model": "orders.offeritem", "pk": 83, "fields": {"offer": 58, "book": 28, "price": "10.00"}}, {"model": "orders.offeritem", "pk": 84, "fields": {"offer": 59, "book": 30, "price": "10.00"}}, {"model": "orders.offeritem", "pk": 85, "fields": {"offer": 59, "book": 28, "price": "10.00"}}, {"model": "orders.offeritem", "pk": 86, "fields": {"offer": 60, "book": 30, "price": "10.00"}}, {"model": "orders.offeritem", "pk": 87, "fields": {"offer": 60, "book": 28, "price": "10.00"}}, {"model": "orders.offeritem", "pk": 88, "fields": {"offer": 61, "book": 30, "price": "10.00"}}, {"model": "orders.offeritem", "pk": 89, "fields": {"offer": 61, "book": 28, "price": "10.00"}}, {"model": "orders.offeritem", "pk": 90, "fields": {"offer": 62, "book": 30, "price": "10.00"}}, {"model": "orders.offeritem", "pk": 91, "fields": {"offer": 62, "book": 28, "price": "10.00"}}, {"model": "orders.offeritem", "pk": 92, "fields": {"offer": 64, "book": 30, "price": "10.00"}}, {"model": "orders.offeritem", "pk": 93, "fields": {"offer": 64, "book": 28, "price": "10.00"}}, {"model": "orders.offeritem", "pk": 94, "fields": {"offer": 65, "book": 30, "price": "10.00"}}, {"model": "orders.offeritem", "pk": 95, "fields": {"offer": 65, "book": 28, "price": "10.00"}}, {"model": "orders.offeritem", "pk": 96, "fields": {"offer": 66, "book": 30, "price": "10.00"}}, {"model": "orders.offeritem", "pk": 97, "fields": {"offer": 66, "book": 28, "price": "10.00"}}, {"model": "orders.offeritem", "pk": 98, "fields": {"offer": 67, "book": 30, "price": "10.00"}}, {"model": "orders.offeritem", "pk": 99, "fields": {"offer": 67, "book": 28, "price": "10.00"}}, {"model": "orders.offeritem", "pk": 100, "fields": {"offer": 68, "book": 30, "price": "10.00"}}, {"model": "orders.offeritem", "pk": 101, "fields": {"offer": 68, "book": 28, "price": "10.00"}}, {"model": "orders.offeritem", "pk": 102, "fields": {"offer": 70, "book": 30, "price": "10.00"}}, {"model": "orders.offeritem", "pk": 103, "fields": {"offer": 70, "book": 28, "price": "10.00"}}, {"model": "orders.offeritem", "pk": 104, "fields": {"offer": 71, "book": 30, "price": "10.00"}}, {"model": "orders.offeritem", "pk": 105, "fields": {"offer": 71, "book": 28, "price": "10.00"}}, {"model": "orders.offeritem", "pk": 106, "fields": {"offer": 72, "book": 30, "price": "10.00"}}, {"model": "orders.offeritem", "pk": 107, "fields": {"offer": 72, "book": 28, "price": "10.00"}}, {"model": "orders.offeritem", "pk": 108, "fields": {"offer": 73, "book": 30, "price": "10.00"}}, {"model": "orders.offeritem", "pk": 109, "fields": {"offer": 73, "book": 28, "price": "10.00"}}, {"model": "orders.offeritem", "pk": 110, "fields": {"offer": 74, "book": 30, "price": "10.00"}}, {"model": "orders.offeritem", "pk": 111, "fields": {"offer": 74, "book": 28, "price": "10.00"}}, {"model": "orders.offeritem", "pk": 112, "fields": {"offer": 75, "book": 30, "price": "10.00"}}, {"model": "orders.offeritem", "pk": 113, "fields": {"offer": 75, "book": 28, "price": "10.00"}}, {"model": "orders.offeritem", "pk": 114, "fields": {"offer": 76, "book": 30, "price": "10.00"}}, {"model": "orders.offeritem", "pk": 115, "fields": {"offer": 76, "book": 28, "price": "10.00"}}, {"model": "orders.offeritem", "pk": 116, "fields": {"offer": 77, "book": 30, "price": "10.00"}}, {"model": "orders.offeritem", "pk": 117, "fields": {"offer": 77, "book": 28, "price": "10.00"}}, {"model": "orders.offeritem", "pk": 118, "fields": {"offer": 78, "book": 30, "price": "10.00"}}, {"model": "orders.offeritem", "pk": 119, "fields": {"offer": 78, "book": 28, "price": "10.00"}}, {"model": "orders.offeritem", "pk": 120, "fields": {"offer": 79, "book": 30, "price": "10.00"}}, {"model": "orders.offeritem", "pk": 121, "fields": {"offer": 79, "book": 28, "price": "10.00"}}, {"model": "orders.offeritem", "pk": 122, "fields": {"offer": 80, "book": 30, "price": "10.00"}}, {"model": "orders.offeritem", "pk": 123, "fields": {"offer": 80, "book": 28, "price": "10.00"}}, {"model": "orders.offeritem", "pk": 124, "fields": {"offer": 81, "book": 30, "price": "10.00"}}, {"model": "orders.offeritem", "pk": 125, "fields": {"offer": 81, "book": 28, "price": "10.00"}}, {"model": "orders.offeritem", "pk": 126, "fields": {"offer": 82, "book": 30, "price": "10.00"}}, {"model": "orders.offeritem", "pk": 127, "fields": {"offer": 82, "book": 28, "price": "10.00"}}, {"model": "orders.offeritem", "pk": 128, "fields": {"offer": 83, "book": 30, "price": "10.00"}}, {"model": "orders.offeritem", "pk": 129, "fields": {"offer": 83, "book": 28, "price": "10.00"}}, {"model": "orders.offeritem", "pk": 130, "fields": {"offer": 84, "book": 30, "price": "10.00"}}, {"model": "orders.offeritem", "pk": 131, "fields": {"offer": 84, "book": 28, "price": "10.00"}}, {"model": "orders.offeritem", "pk": 132, "fields": {"offer": 85, "book": 30, "price": "10.00"}}, {"model": "orders.offeritem", "pk": 133, "fields": {"offer": 85, "book": 28, "price": "10.00"}}, {"model": "orders.offeritem", "pk": 134, "fields": {"offer": 87, "book": 30, "price": "10.00"}}, {"model": "orders.offeritem", "pk": 135, "fields": {"offer": 87, "book": 28, "price": "10.00"}}, {"model": "orders.offeritem", "pk": 136, "fields": {"offer": 88, "book": 30, "price": "10.00"}}, {"model": "orders.offeritem", "pk": 137, "fields": {"offer": 88, "book": 28, "price": "10.00"}}, {"model": "orders.offeritem", "pk": 138, "fields": {"offer": 89, "book": 30, "price": "10.00"}}, {"model": "orders.offeritem", "pk": 139, "fields": {"offer": 89, "book": 28, "price": "10.00"}}, {"model": "orders.offeritem", "pk": 140, "fields": {"offer": 90, "book": 30, "price": "10.00"}}, {"model": "orders.offeritem", "pk": 141, "fields": {"offer": 90, "book": 28, "price": "10.00"}}, {"model": "orders.offeritem", "pk": 142, "fields": {"offer": 91, "book": 30, "price": "10.00"}}, {"model": "orders.offeritem", "pk": 143, "fields": {"offer": 91, "book": 28, "price": "10.00"}}, {"model": "orders.offeritem", "pk": 144, "fields": {"offer": 92, "book": 30, "price": "10.00"}}, {"model": "orders.offeritem", "pk": 145, "fields": {"offer": 92, "book": 28, "price": "10.00"}}, {"model": "orders.offeritem", "pk": 146, "fields": {"offer": 93, "book": 30, "price": "10.00"}}, {"model": "orders.offeritem", "pk": 147, "fields": {"offer": 93, "book": 28, "price": "10.00"}}, {"model": "orders.offeritem", "pk": 148, "fields": {"offer": 94, "book": 30, "price": "10.00"}}, {"model": "orders.offeritem", "pk": 149, "fields": {"offer": 94, "book": 28, "price": "10.00"}}, {"model": "orders.offeritem", "pk": 150, "fields": {"offer": 95, "book": 30, "price": "10.00"}}, {"model": "orders.offeritem", "pk": 151, "fields": {"offer": 95, "book": 28, "price": "10.00"}}, {"model": "orders.offeritem", "pk": 152, "fields": {"offer": 96, "book": 30, "price": "10.00"}}, {"model": "orders.offeritem", "pk": 153, "fields": {"offer": 96, "book": 28, "price": "10.00"}}, {"model": "orders.offeritem", "pk": 154, "fields": {"offer": 97, "book": 30, "price": "10.00"}}, {"model": "orders.offeritem", "pk": 155, "fields": {"offer": 97, "book": 28, "price": "10.00"}}, {"model": "orders.offeritem", "pk": 156, "fields": {"offer": 98, "book": 30, "price": "10.00"}}, {"model": "orders.offeritem", "pk": 157, "fields": {"offer": 98, "book": 28, "price": "10.00"}}, {"model": "orders.offeritem", "pk": 158, "fields": {"offer": 99, "book": 30, "price": "10.00"}}, {"model": "orders.offeritem", "pk": 159, "fields": {"offer": 99, "book": 28, "price": "10.00"}}, {"model": "orders.offeritem", "pk": 160, "fields": {"offer": 100, "book": 30, "price": "10.00"}}, {"model": "orders.offeritem", "pk": 161, "fields": {"offer": 100, "book": 28, "price": "10.00"}}, {"model": "orders.offeritem", "pk": 162, "fields": {"offer": 101, "book": 30, "price": "10.00"}}, {"model": "orders.offeritem", "pk": 163, "fields": {"offer": 101, "book": 28, "price": "10.00"}}, {"model": "orders.offeritem", "pk": 164, "fields": {"offer": 102, "book": 30, "price": "10.00"}}, {"model": "orders.offeritem", "pk": 165, "fields": {"offer": 102, "book": 28, "price": "10.00"}}, {"model": "orders.offeritem", "pk": 166, "fields": {"offer": 103, "book": 30, "price": "10.00"}}, {"model": "orders.offeritem", "pk": 167, "fields": {"offer": 103, "book": 28, "price": "10.00"}}, {"model": "orders.offeritem", "pk": 168, "fields": {"offer": 104, "book": 30, "price": "10.00"}}, {"model": "orders.offeritem", "pk": 169, "fields": {"offer": 104, "book": 28, "price": "10.00"}}, {"model": "orders.offeritem", "pk": 170, "fields": {"offer": 105, "book": 30, "price": "10.00"}}, {"model": "orders.offeritem", "pk": 171, "fields": {"offer": 105, "book": 28, "price": "10.00"}}, {"model": "orders.offeritem", "pk": 172, "fields": {"offer": 106, "book": 30, "price": "10.00"}}, {"model": "orders.offeritem", "pk": 173, "fields": {"offer": 106, "book": 28, "price": "10.00"}}, {"model": "orders.offeritem", "pk": 174, "fields": {"offer": 107, "book": 30, "price": "10.00"}}, {"model": "orders.offeritem", "pk": 175, "fields": {"offer": 107, "book": 28, "price": "10.00"}}, {"model": "orders.offeritem", "pk": 176, "fields": {"offer": 108, "book": 30, "price": "10.00"}}, {"model": "orders.offeritem", "pk": 177, "fields": {"offer": 108, "book": 28, "price": "10.00"}}, {"model": "orders.offeritem", "pk": 178, "fields": {"offer": 109, "book": 30, "price": "10.00"}}, {"model": "orders.offeritem", "pk": 179, "fields": {"offer": 109, "book": 28, "price": "10.00"}}, {"model": "orders.offeritem", "pk": 180, "fields": {"offer": 110, "book": 30, "price": "10.00"}}, {"model": "orders.offeritem", "pk": 181, "fields": {"offer": 110, "book": 28, "price": "10.00"}}, {"model": "orders.offeritem", "pk": 182, "fields": {"offer": 111, "book": 30, "price": "10.00"}}, {"model": "orders.offeritem", "pk": 183, "fields": {"offer": 111, "book": 28, "price": "10.00"}}, {"model": "orders.offeritem", "pk": 184, "fields": {"offer": 112, "book": 30, "price": "10.00"}}, {"model": "orders.offeritem", "pk": 185, "fields": {"offer": 112, "book": 28, "price": "10.00"}}, {"model": "orders.offeritem", "pk": 186, "fields": {"offer": 113, "book": 30, "price": "10.00"}}, {"model": "orders.offeritem", "pk": 187, "fields": {"offer": 113, "book": 28, "price": "10.00"}}, {"model": "orders.offeritem", "pk": 188, "fields": {"offer": 114, "book": 30, "price": "10.00"}}, {"model": "orders.offeritem", "pk": 189, "fields": {"offer": 114, "book": 28, "price": "10.00"}}, {"model": "orders.offeritem", "pk": 190, "fields": {"offer": 115, "book": 30, "price": "10.00"}}, {"model": "orders.offeritem", "pk": 191, "fields": {"offer": 115, "book": 28, "price": "10.00"}}, {"model": "orders.offeritem", "pk": 192, "fields": {"offer": 116, "book": 30, "price": "10.00"}}, {"model": "orders.offeritem", "pk": 193, "fields": {"offer": 116, "book": 28, "price": "10.00"}}, {"model": "orders.offeritem", "pk": 194, "fields": {"offer": 117, "book": 30, "price": "10.00"}}, {"model": "orders.offeritem", "pk": 195, "fields": {"offer": 117, "book": 28, "price": "10.00"}}, {"model": "orders.offeritem", "pk": 196, "fields": {"offer": 118, "book": 30, "price": "10.00"}}, {"model": "orders.offeritem", "pk": 197, "fields": {"offer": 118, "book": 28, "price": "10.00"}}, {"model": "orders.offeritem", "pk": 198, "fields": {"offer": 119, "book": 30, "price": "10.00"}}, {"model": "orders.offeritem", "pk": 199, "fields": {"offer": 119, "book": 28, "price": "10.00"}}, {"model": "orders.offeritem", "pk": 200, "fields": {"offer": 120, "book": 30, "price": "10.00"}}, {"model": "orders.offeritem", "pk": 201, "fields": {"offer": 120, "book": 28, "price": "10.00"}}, {"model": "orders.offeritem", "pk": 202, "fields": {"offer": 121, "book": 20, "price": "22.00"}}, {"model": "orders.offeritem", "pk": 203, "fields": {"offer": 121, "book": 5, "price": "5.99"}}, {"model": "orders.offeritem", "pk": 204, "fields": {"offer": 122, "book": 27, "price": "10.00"}}, {"model": "orders.offeritem", "pk": 205, "fields": {"offer": 123, "book": 4, "price": "19.99"}}, {"model": "orders.offeritem", "pk": 206, "fields": {"offer": 124, "book": 28, "price": "10.00"}}, {"model": "orders.offeritem", "pk": 207, "fields": {"offer": 125, "book": 31, "price": "20.00"}}, {"model": "orders.offeritem", "pk": 208, "fields": {"offer": 126, "book": 30, "price": "10.00"}}, {"model": "orders.offeritem", "pk": 209, "fields": {"offer": 127, "book": 30, "price": "10.00"}}, {"model": "orders.offeritem", "pk": 210, "fields": {"offer": 128, "book": 31, "price": "20.00"}}, {"model": "orders.offeritem", "pk": 211, "fields": {"offer": 128, "book": 7, "price": "10.99"}}, {"model": "orders.offeritem", "pk": 212, "fields": {"offer": 131, "book": 29, "price": "23.00"}}, {"model": "orders.offeritem", "pk": 213, "fields": {"offer": 131, "book": 28, "price": "10.00"}}, {"model": "orders.offeritem", "pk": 214, "fields": {"offer": 132, "book": 27, "price": "10.00"}}, {"model": "orders.offeritem", "pk": 215, "fields": {"offer": 133, "book": 31, "price": "20.00"}}, {"model": "orders.offeritem", "pk": 216, "fields": {"offer": 134, "book": 28, "price": "10.00"}}, {"model": "orders.order", "pk": 19, "fields": {"first_name": "peizhi", "last_name": "zheng", "email": "parisa1206@gmail.com", "address": "1 Saint Francis Pl, 3307", "postal_code": "94107-1324", "city": "San Francisco", "created": "2019-02-08T17:23:10.131Z", "updated": "2019-02-08T17:23:10.131Z", "paid": false, "braintree_id": ""}}, {"model": "orders.order", "pk": 44, "fields": {"first_name": "Kentaro", "last_name": "Hibino", "email": "kennyhibino@gmail.com", "address": "1 Saint Francis PL", "postal_code": "94107", "city": "San Francisco", "created": "2019-02-08T20:19:17.792Z", "updated": "2019-02-08T20:19:17.792Z", "paid": false, "braintree_id": ""}}, {"model": "orders.order", "pk": 94, "fields": {"first_name": "Ken", "last_name": "Hibino", "email": "ken.hibino7@gmail.com", "address": "1 Saint Francis PL, apt 3307", "postal_code": "94107", "city": "San Francisco", "created": "2019-02-08T21:58:37.783Z", "updated": "2019-02-08T21:58:37.783Z", "paid": false, "braintree_id": ""}}, {"model": "orders.order", "pk": 117, "fields": {"first_name": "peizhi", "last_name": "zheng", "email": "parisa1206@gmail.com", "address": "555 W. Middlefield Rd, E203", "postal_code": "94043", "city": "Mountain View", "created": "2019-02-08T22:03:24.402Z", "updated": "2019-02-08T22:03:24.402Z", "paid": false, "braintree_id": ""}}, {"model": "orders.order", "pk": 118, "fields": {"first_name": "Ken", "last_name": "Hibino", "email": "parisa1206@gmail.com", "address": "1 Saint Francis PL, apt 3307", "postal_code": "94107", "city": "San Francisco", "created": "2019-02-08T22:04:39.186Z", "updated": "2019-02-08T22:04:39.186Z", "paid": false, "braintree_id": ""}}, {"model": "orders.order", "pk": 120, "fields": {"first_name": "Paige", "last_name": "L", "email": "ken.hibino7@gmail.com", "address": "1 Saint Francis PL, =", "postal_code": "94107", "city": "San Francisco", "created": "2019-02-08T22:13:56.634Z", "updated": "2019-02-08T22:13:56.634Z", "paid": false, "braintree_id": ""}}, {"model": "orders.order", "pk": 121, "fields": {"first_name": "Paige", "last_name": "L", "email": "parisa1206@gmail.com", "address": "1 Saint Francis PL, =", "postal_code": "94107", "city": "San Francisco", "created": "2019-02-10T00:46:08.317Z", "updated": "2019-02-10T00:46:08.317Z", "paid": false, "braintree_id": ""}}, {"model": "orders.order", "pk": 122, "fields": {"first_name": "Kentaro", "last_name": "Hibino", "email": "kennyhibino@gmail.com", "address": "1 Saint Francis PL", "postal_code": "94107", "city": "San Francisco", "created": "2019-02-10T00:57:13.428Z", "updated": "2019-02-10T00:57:13.428Z", "paid": false, "braintree_id": ""}}, {"model": "orders.order", "pk": 123, "fields": {"first_name": "Paige", "last_name": "L", "email": "parisa1206@gmail.com", "address": "1 Saint Francis PL, =", "postal_code": "94107", "city": "San Francisco", "created": "2019-02-10T00:59:23.736Z", "updated": "2019-02-10T00:59:23.736Z", "paid": false, "braintree_id": ""}}, {"model": "orders.order", "pk": 124, "fields": {"first_name": "peizhi", "last_name": "zheng", "email": "parisa1206@gmail.com", "address": "555 W. Middlefield Rd, E203", "postal_code": "94043", "city": "Mountain View", "created": "2019-02-10T04:11:16.289Z", "updated": "2019-02-10T04:11:16.290Z", "paid": false, "braintree_id": ""}}, {"model": "orders.order", "pk": 125, "fields": {"first_name": "Paige", "last_name": "L", "email": "parisa1206@gmail.com", "address": "1 Saint Francis PL, =", "postal_code": "94107", "city": "San Francisco", "created": "2019-02-10T04:11:36.779Z", "updated": "2019-02-10T04:11:36.779Z", "paid": false, "braintree_id": ""}}, {"model": "orders.order", "pk": 126, "fields": {"first_name": "Peizhi", "last_name": "Zheng", "email": "parisa1206@gmail.com", "address": "No.47 Liuhuang Road, Liushi, Yueqing", "postal_code": "325604", "city": "Wenzhou", "created": "2019-02-10T05:58:09.263Z", "updated": "2019-02-10T05:58:09.263Z", "paid": false, "braintree_id": ""}}, {"model": "orders.order", "pk": 127, "fields": {"first_name": "Paige", "last_name": "L", "email": "parisa1206@gmail.com", "address": "1 Saint Francis PL, =", "postal_code": "94107", "city": "San Francisco", "created": "2019-02-10T06:00:27.102Z", "updated": "2019-02-10T06:00:27.102Z", "paid": false, "braintree_id": ""}}, {"model": "orders.order", "pk": 129, "fields": {"first_name": "peizhi", "last_name": "zheng", "email": "parisa1206@gmail.com", "address": "1 Saint Francis Pl, 3307", "postal_code": "94107-1324", "city": "San Francisco", "created": "2019-02-10T19:12:53.996Z", "updated": "2019-02-10T19:12:53.996Z", "paid": false, "braintree_id": ""}}, {"model": "orders.order", "pk": 130, "fields": {"first_name": "peizhi", "last_name": "zheng", "email": "parisa1206@gmail.com", "address": "1 Saint Francis Pl, 3307", "postal_code": "94107-1324", "city": "San Francisco", "created": "2019-02-10T19:13:18.340Z", "updated": "2019-02-10T19:13:18.341Z", "paid": false, "braintree_id": ""}}, {"model": "orders.order", "pk": 131, "fields": {"first_name": "peizhi", "last_name": "zheng", "email": "406057727@qq.com", "address": "555 W. Middlefield Rd, E203", "postal_code": "94043", "city": "Mountain View", "created": "2019-02-11T21:04:24.668Z", "updated": "2019-02-11T21:04:24.668Z", "paid": false, "braintree_id": ""}}, {"model": "orders.order", "pk": 132, "fields": {"first_name": "peizhi", "last_name": "zheng", "email": "406057727@qq.com", "address": "555 W. Middlefield Rd, E203", "postal_code": "94043", "city": "Mountain View", "created": "2019-02-11T21:25:32.337Z", "updated": "2019-02-11T21:25:32.337Z", "paid": false, "braintree_id": ""}}, {"model": "orders.order", "pk": 133, "fields": {"first_name": "peizhi", "last_name": "zheng", "email": "406057727@qq.com", "address": "555 W. Middlefield Rd, E203", "postal_code": "94043", "city": "Mountain View", "created": "2019-02-11T21:35:04.500Z", "updated": "2019-02-11T21:35:04.500Z", "paid": false, "braintree_id": ""}}, {"model": "auth.permission", "fields": {"name": "Can add log entry", "content_type": ["admin", "logentry"], "codename": "add_logentry"}}, {"model": "auth.permission", "fields": {"name": "Can change log entry", "content_type": ["admin", "logentry"], "codename": "change_logentry"}}, {"model": "auth.permission", "fields": {"name": "Can delete log entry", "content_type": ["admin", "logentry"], "codename": "delete_logentry"}}, {"model": "auth.permission", "fields": {"name": "Can view log entry", "content_type": ["admin", "logentry"], "codename": "view_logentry"}}, {"model": "auth.permission", "fields": {"name": "Can add permission", "content_type": ["auth", "permission"], "codename": "add_permission"}}, {"model": "auth.permission", "fields": {"name": "Can change permission", "content_type": ["auth", "permission"], "codename": "change_permission"}}, {"model": "auth.permission", "fields": {"name": "Can delete permission", "content_type": ["auth", "permission"], "codename": "delete_permission"}}, {"model": "auth.permission", "fields": {"name": "Can view permission", "content_type": ["auth", "permission"], "codename": "view_permission"}}, {"model": "auth.permission", "fields": {"name": "Can add group", "content_type": ["auth", "group"], "codename": "add_group"}}, {"model": "auth.permission", "fields": {"name": "Can change group", "content_type": ["auth", "group"], "codename": "change_group"}}, {"model": "auth.permission", "fields": {"name": "Can delete group", "content_type": ["auth", "group"], "codename": "delete_group"}}, {"model": "auth.permission", "fields": {"name": "Can view group", "content_type": ["auth", "group"], "codename": "view_group"}}, {"model": "auth.permission", "fields": {"name": "Can add content type", "content_type": ["contenttypes", "contenttype"], "codename": "add_contenttype"}}, {"model": "auth.permission", "fields": {"name": "Can change content type", "content_type": ["contenttypes", "contenttype"], "codename": "change_contenttype"}}, {"model": "auth.permission", "fields": {"name": "Can delete content type", "content_type": ["contenttypes", "contenttype"], "codename": "delete_contenttype"}}, {"model": "auth.permission", "fields": {"name": "Can view content type", "content_type": ["contenttypes", "contenttype"], "codename": "view_contenttype"}}, {"model": "auth.permission", "fields": {"name": "Can add session", "content_type": ["sessions", "session"], "codename": "add_session"}}, {"model": "auth.permission", "fields": {"name": "Can change session", "content_type": ["sessions", "session"], "codename": "change_session"}}, {"model": "auth.permission", "fields": {"name": "Can delete session", "content_type": ["sessions", "session"], "codename": "delete_session"}}, {"model": "auth.permission", "fields": {"name": "Can view session", "content_type": ["sessions", "session"], "codename": "view_session"}}, {"model": "auth.permission", "fields": {"name": "Can add Tag", "content_type": ["taggit", "tag"], "codename": "add_tag"}}, {"model": "auth.permission", "fields": {"name": "Can change Tag", "content_type": ["taggit", "tag"], "codename": "change_tag"}}, {"model": "auth.permission", "fields": {"name": "Can delete Tag", "content_type": ["taggit", "tag"], "codename": "delete_tag"}}, {"model": "auth.permission", "fields": {"name": "Can view Tag", "content_type": ["taggit", "tag"], "codename": "view_tag"}}, {"model": "auth.permission", "fields": {"name": "Can add Tagged Item", "content_type": ["taggit", "taggeditem"], "codename": "add_taggeditem"}}, {"model": "auth.permission", "fields": {"name": "Can change Tagged Item", "content_type": ["taggit", "taggeditem"], "codename": "change_taggeditem"}}, {"model": "auth.permission", "fields": {"name": "Can delete Tagged Item", "content_type": ["taggit", "taggeditem"], "codename": "delete_taggeditem"}}, {"model": "auth.permission", "fields": {"name": "Can view Tagged Item", "content_type": ["taggit", "taggeditem"], "codename": "view_taggeditem"}}, {"model": "auth.permission", "fields": {"name": "Can add user", "content_type": ["users", "customuser"], "codename": "add_customuser"}}, {"model": "auth.permission", "fields": {"name": "Can change user", "content_type": ["users", "customuser"], "codename": "change_customuser"}}, {"model": "auth.permission", "fields": {"name": "Can delete user", "content_type": ["users", "customuser"], "codename": "delete_customuser"}}, {"model": "auth.permission", "fields": {"name": "Can view user", "content_type": ["users", "customuser"], "codename": "view_customuser"}}, {"model": "auth.permission", "fields": {"name": "Can add contact", "content_type": ["users", "contact"], "codename": "add_contact"}}, {"model": "auth.permission", "fields": {"name": "Can change contact", "content_type": ["users", "contact"], "codename": "change_contact"}}, {"model": "auth.permission", "fields": {"name": "Can delete contact", "content_type": ["users", "contact"], "codename": "delete_contact"}}, {"model": "auth.permission", "fields": {"name": "Can view contact", "content_type": ["users", "contact"], "codename": "view_contact"}}, {"model": "auth.permission", "fields": {"name": "Can add book", "content_type": ["books", "book"], "codename": "add_book"}}, {"model": "auth.permission", "fields": {"name": "Can change book", "content_type": ["books", "book"], "codename": "change_book"}}, {"model": "auth.permission", "fields": {"name": "Can delete book", "content_type": ["books", "book"], "codename": "delete_book"}}, {"model": "auth.permission", "fields": {"name": "Can view book", "content_type": ["books", "book"], "codename": "view_book"}}, {"model": "auth.permission", "fields": {"name": "Can add category", "content_type": ["books", "category"], "codename": "add_category"}}, {"model": "auth.permission", "fields": {"name": "Can change category", "content_type": ["books", "category"], "codename": "change_category"}}, {"model": "auth.permission", "fields": {"name": "Can delete category", "content_type": ["books", "category"], "codename": "delete_category"}}, {"model": "auth.permission", "fields": {"name": "Can view category", "content_type": ["books", "category"], "codename": "view_category"}}, {"model": "auth.permission", "fields": {"name": "Can add saved books", "content_type": ["saves", "savedbooks"], "codename": "add_savedbooks"}}, {"model": "auth.permission", "fields": {"name": "Can change saved books", "content_type": ["saves", "savedbooks"], "codename": "change_savedbooks"}}, {"model": "auth.permission", "fields": {"name": "Can delete saved books", "content_type": ["saves", "savedbooks"], "codename": "delete_savedbooks"}}, {"model": "auth.permission", "fields": {"name": "Can view saved books", "content_type": ["saves", "savedbooks"], "codename": "view_savedbooks"}}, {"model": "auth.permission", "fields": {"name": "Can add order", "content_type": ["orders", "order"], "codename": "add_order"}}, {"model": "auth.permission", "fields": {"name": "Can change order", "content_type": ["orders", "order"], "codename": "change_order"}}, {"model": "auth.permission", "fields": {"name": "Can delete order", "content_type": ["orders", "order"], "codename": "delete_order"}}, {"model": "auth.permission", "fields": {"name": "Can view order", "content_type": ["orders", "order"], "codename": "view_order"}}, {"model": "auth.permission", "fields": {"name": "Can add offer book", "content_type": ["orders", "offerbook"], "codename": "add_offerbook"}}, {"model": "auth.permission", "fields": {"name": "Can change offer book", "content_type": ["orders", "offerbook"], "codename": "change_offerbook"}}, {"model": "auth.permission", "fields": {"name": "Can delete offer book", "content_type": ["orders", "offerbook"], "codename": "delete_offerbook"}}, {"model": "auth.permission", "fields": {"name": "Can view offer book", "content_type": ["orders", "offerbook"], "codename": "view_offerbook"}}, {"model": "auth.permission", "fields": {"name": "Can add action", "content_type": ["actions", "action"], "codename": "add_action"}}, {"model": "auth.permission", "fields": {"name": "Can change action", "content_type": ["actions", "action"], "codename": "change_action"}}, {"model": "auth.permission", "fields": {"name": "Can delete action", "content_type": ["actions", "action"], "codename": "delete_action"}}, {"model": "auth.permission", "fields": {"name": "Can view action", "content_type": ["actions", "action"], "codename": "view_action"}}, {"model": "auth.permission", "fields": {"name": "Can add kv store", "content_type": ["thumbnail", "kvstore"], "codename": "add_kvstore"}}, {"model": "auth.permission", "fields": {"name": "Can change kv store", "content_type": ["thumbnail", "kvstore"], "codename": "change_kvstore"}}, {"model": "auth.permission", "fields": {"name": "Can delete kv store", "content_type": ["thumbnail", "kvstore"], "codename": "delete_kvstore"}}, {"model": "auth.permission", "fields": {"name": "Can view kv store", "content_type": ["thumbnail", "kvstore"], "codename": "view_kvstore"}}, {"model": "auth.permission", "fields": {"name": "Can add order item", "content_type": ["orders", "offeritem"], "codename": "add_orderitem"}}, {"model": "auth.permission", "fields": {"name": "Can change order item", "content_type": ["orders", "offeritem"], "codename": "change_orderitem"}}, {"model": "auth.permission", "fields": {"name": "Can delete order item", "content_type": ["orders", "offeritem"], "codename": "delete_orderitem"}}, {"model": "auth.permission", "fields": {"name": "Can view order item", "content_type": ["orders", "offeritem"], "codename": "view_orderitem"}}, {"model": "auth.permission", "fields": {"name": "Can add offer", "content_type": ["orders", "offer"], "codename": "add_offer"}}, {"model": "auth.permission", "fields": {"name": "Can change offer", "content_type": ["orders", "offer"], "codename": "change_offer"}}, {"model": "auth.permission", "fields": {"name": "Can delete offer", "content_type": ["orders", "offer"], "codename": "delete_offer"}}, {"model": "auth.permission", "fields": {"name": "Can view offer", "content_type": ["orders", "offer"], "codename": "view_offer"}}, {"model": "auth.permission", "fields": {"name": "Can add offer item", "content_type": ["orders", "offeritem"], "codename": "add_offeritem"}}, {"model": "auth.permission", "fields": {"name": "Can change offer item", "content_type": ["orders", "offeritem"], "codename": "change_offeritem"}}, {"model": "auth.permission", "fields": {"name": "Can delete offer item", "content_type": ["orders", "offeritem"], "codename": "delete_offeritem"}}, {"model": "auth.permission", "fields": {"name": "Can view offer item", "content_type": ["orders", "offeritem"], "codename": "view_offeritem"}}, {"model": "auth.permission", "fields": {"name": "Can add association", "content_type": ["social_django", "association"], "codename": "add_association"}}, {"model": "auth.permission", "fields": {"name": "Can change association", "content_type": ["social_django", "association"], "codename": "change_association"}}, {"model": "auth.permission", "fields": {"name": "Can delete association", "content_type": ["social_django", "association"], "codename": "delete_association"}}, {"model": "auth.permission", "fields": {"name": "Can view association", "content_type": ["social_django", "association"], "codename": "view_association"}}, {"model": "auth.permission", "fields": {"name": "Can add code", "content_type": ["social_django", "code"], "codename": "add_code"}}, {"model": "auth.permission", "fields": {"name": "Can change code", "content_type": ["social_django", "code"], "codename": "change_code"}}, {"model": "auth.permission", "fields": {"name": "Can delete code", "content_type": ["social_django", "code"], "codename": "delete_code"}}, {"model": "auth.permission", "fields": {"name": "Can view code", "content_type": ["social_django", "code"], "codename": "view_code"}}, {"model": "auth.permission", "fields": {"name": "Can add nonce", "content_type": ["social_django", "nonce"], "codename": "add_nonce"}}, {"model": "auth.permission", "fields": {"name": "Can change nonce", "content_type": ["social_django", "nonce"], "codename": "change_nonce"}}, {"model": "auth.permission", "fields": {"name": "Can delete nonce", "content_type": ["social_django", "nonce"], "codename": "delete_nonce"}}, {"model": "auth.permission", "fields": {"name": "Can view nonce", "content_type": ["social_django", "nonce"], "codename": "view_nonce"}}, {"model": "auth.permission", "fields": {"name": "Can add user social auth", "content_type": ["social_django", "usersocialauth"], "codename": "add_usersocialauth"}}, {"model": "auth.permission", "fields": {"name": "Can change user social auth", "content_type": ["social_django", "usersocialauth"], "codename": "change_usersocialauth"}}, {"model": "auth.permission", "fields": {"name": "Can delete user social auth", "content_type": ["social_django", "usersocialauth"], "codename": "delete_usersocialauth"}}, {"model": "auth.permission", "fields": {"name": "Can view user social auth", "content_type": ["social_django", "usersocialauth"], "codename": "view_usersocialauth"}}, {"model": "auth.permission", "fields": {"name": "Can add partial", "content_type": ["social_django", "partial"], "codename": "add_partial"}}, {"model": "auth.permission", "fields": {"name": "Can change partial", "content_type": ["social_django", "partial"], "codename": "change_partial"}}, {"model": "auth.permission", "fields": {"name": "Can delete partial", "content_type": ["social_django", "partial"], "codename": "delete_partial"}}, {"model": "auth.permission", "fields": {"name": "Can view partial", "content_type": ["social_django", "partial"], "codename": "view_partial"}}, {"model": "auth.permission", "fields": {"name": "Can add task result", "content_type": ["django_celery_results", "taskresult"], "codename": "add_taskresult"}}, {"model": "auth.permission", "fields": {"name": "Can change task result", "content_type": ["django_celery_results", "taskresult"], "codename": "change_taskresult"}}, {"model": "auth.permission", "fields": {"name": "Can delete task result", "content_type": ["django_celery_results", "taskresult"], "codename": "delete_taskresult"}}, {"model": "auth.permission", "fields": {"name": "Can view task result", "content_type": ["django_celery_results", "taskresult"], "codename": "view_taskresult"}}, {"model": "users.customuser", "fields": {"password": "pbkdf2_sha256$150000$USNwtaeaUuTN$iNt4HppzhCrCkiks07A6zvZ/RvHhc42rNygABoBEifI=", "last_login": "2019-02-11T19:31:11.537Z", "is_superuser": true, "username": "admin", "first_name": "peizhi", "last_name": "zheng", "email": "parisa1206@gmail.com", "is_staff": true, "is_active": true, "date_joined": "2019-02-01T04:32:57.290Z", "zip_code": "94043", "avatar": "1/avatar/75a4056c2a.JPG", "slug": "admin", "groups": [], "user_permissions": []}}, {"model": "users.customuser", "fields": {"password": "pbkdf2_sha256$120000$kyVdeSig2cYq$9vHuVwqLPMbCd4rhkO1Qa5B7ktpGDX/CK3fs5ibMy54=", "last_login": "2019-02-05T03:13:10.912Z", "is_superuser": false, "username": "testuser1", "first_name": "peizhi", "last_name": "zheng", "email": "", "is_staff": false, "is_active": true, "date_joined": "2019-02-01T04:33:52.910Z", "zip_code": "94043", "avatar": "2/avatar/7d634315d1.jpeg", "slug": "testuser1", "groups": [], "user_permissions": []}}, {"model": "users.customuser", "fields": {"password": "pbkdf2_sha256$120000$MXshJxJaoPXj$MwDjgaEL3QAvCoQMENunvwd5DlQAGBZZE2Wmnfyi0hk=", "last_login": "2019-02-07T05:22:35.065Z", "is_superuser": false, "username": "hibiken", "first_name": "Ken", "last_name": "Hibino", "email": "", "is_staff": false, "is_active": true, "date_joined": "2019-02-01T04:34:18.868Z", "zip_code": "94107", "avatar": "3/avatar/efcfe8e720.JPG", "slug": "hibiken", "groups": [], "user_permissions": []}}, {"model": "users.customuser", "fields": {"password": "pbkdf2_sha256$120000$EErWdn64wy1I$W7EnnbuZQnf/m9x/DpC7b9urysskIncFXzsg0oWEdPM=", "last_login": "2019-02-06T19:48:47.435Z", "is_superuser": false, "username": "rubyinthebay", "first_name": "", "last_name": "", "email": "", "is_staff": false, "is_active": true, "date_joined": "2019-02-01T04:34:36.635Z", "zip_code": "", "avatar": "None/no-img.jpg", "slug": "rubyinthebay", "groups": [], "user_permissions": []}}, {"model": "users.customuser", "fields": {"password": "pbkdf2_sha256$150000$Ju82wTG7O1Fm$X8mHKosb85C1bHPaaGbH51swGe2s3R4tZ1K4eXp2OeA=", "last_login": null, "is_superuser": false, "username": "helloworld", "first_name": "", "last_name": "", "email": "406057727@qq.com", "is_staff": false, "is_active": true, "date_joined": "2019-02-11T03:16:15.740Z", "zip_code": "94043", "avatar": "None/no-img.jpg", "slug": "helloworld", "groups": [], "user_permissions": []}}, {"model": "users.customuser", "fields": {"password": "pbkdf2_sha256$150000$o72GfnNVsOOE$bfv8lmCppb6IONmbjqZc0kFbrVBNrGCmIzvU9H80bTk=", "last_login": null, "is_superuser": true, "username": "superuser", "first_name": "", "last_name": "", "email": "newyorkhatclub@gmail.com", "is_staff": true, "is_active": true, "date_joined": "2019-02-11T04:18:01.632Z", "zip_code": "", "avatar": "None/no-img.jpg", "slug": "superuser", "groups": [], "user_permissions": []}}, {"model": "users.customuser", "fields": {"password": "pbkdf2_sha256$150000$NJw9oEJqmNHD$YU5iH97IzoUz3ElgXc12rOBoKHftbO7+G8DZPfAP6b4=", "last_login": "2019-02-11T20:03:46.348Z", "is_superuser": false, "username": "PeizhiZheng", "first_name": "Peizhi", "last_name": "Zheng", "email": "", "is_staff": false, "is_active": true, "date_joined": "2019-02-11T19:30:54.234Z", "zip_code": "", "avatar": "None/no-img.jpg", "slug": "peizhizheng", "groups": [], "user_permissions": []}}, {"model": "users.customuser", "fields": {"password": "pbkdf2_sha256$150000$YSvQoCtOY0yp$w8+XGvweNV5llkKFrTtm2Eker6lUwX+kK017GuLIi9w=", "last_login": "2019-02-11T20:12:50.479Z", "is_superuser": false, "username": "PeizhiZhen", "first_name": "peizhi", "last_name": "zheng", "email": "", "is_staff": false, "is_active": true, "date_joined": "2019-02-11T20:08:17.390Z", "zip_code": "94043", "avatar": "None/no-img.jpg", "slug": "peizhizhen", "groups": [], "user_permissions": []}}, {"model": "users.customuser", "fields": {"password": "pbkdf2_sha256$150000$K9hmfMcrMDna$J9Pfima1FWDUUsJnRaPA8HWRIzkzBGTyu6CFVtEYzNw=", "last_login": "2019-02-11T20:15:32.306Z", "is_superuser": false, "username": "PeizhiZhengb000971c33c94dfd", "first_name": "Peizhi", "last_name": "Zheng", "email": "", "is_staff": false, "is_active": true, "date_joined": "2019-02-11T20:14:37.163Z", "zip_code": "", "avatar": "None/no-img.jpg", "slug": "peizhizhengb000971c33c94dfd", "groups": [], "user_permissions": []}}, {"model": "users.customuser", "fields": {"password": "pbkdf2_sha256$150000$0oltrnkZ1MHM$LTMRy0FIN0zH0za1CugG3I7k24lDzYIZLl5OAoaSHHc=", "last_login": "2019-02-11T20:18:49.039Z", "is_superuser": false, "username": "Testuser", "first_name": "Peizhi", "last_name": "Zheng", "email": "", "is_staff": false, "is_active": true, "date_joined": "2019-02-11T20:15:46.581Z", "zip_code": "32560", "avatar": "None/no-img.jpg", "slug": "testuser", "groups": [], "user_permissions": []}}, {"model": "users.customuser", "fields": {"password": "pbkdf2_sha256$150000$h7JW4okjPEmt$9z1zrUZSM3g2dLkPpXYn/ZTQ+60zOSNhNtN5hUEvhbY=", "last_login": "2019-02-11T20:31:02.223Z", "is_superuser": false, "username": "Peizhi", "first_name": "Ken", "last_name": "Hibino", "email": "", "is_staff": false, "is_active": true, "date_joined": "2019-02-11T20:19:24.415Z", "zip_code": "94107", "avatar": "11/avatar/837440bca8.jpg", "slug": "peizhi", "groups": [], "user_permissions": []}}, {"model": "users.contact", "pk": 1, "fields": {"from_user": ["admin"], "to_user": ["rubyinthebay"]}}, {"model": "users.contact", "pk": 2, "fields": {"from_user": ["admin"], "to_user": ["admin"]}}, {"model": "users.contact", "pk": 4, "fields": {"from_user": ["testuser1"], "to_user": ["hibiken"]}}, {"model": "users.contact", "pk": 5, "fields": {"from_user": ["admin"], "to_user": ["testuser1"]}}, {"model": "users.contact", "pk": 7, "fields": {"from_user": ["testuser1"], "to_user": ["rubyinthebay"]}}, {"model": "users.contact", "pk": 8, "fields": {"from_user": ["testuser1"], "to_user": ["admin"]}}, {"model": "users.contact", "pk": 12, "fields": {"from_user": ["admin"], "to_user": ["hibiken"]}}, {"model": "users.contact", "pk": 16, "fields": {"from_user": ["hibiken"], "to_user": ["testuser1"]}}, {"model": "users.contact", "pk": 22, "fields": {"from_user": ["Peizhi"], "to_user": ["rubyinthebay"]}}, {"model": "books.book", "pk": 1, "fields": {"name": "Bad Blood: Secrets and Lies in a Silicon Valley Startup", "date": "2019-02-01T04:41:10.987Z", "description": "good book", "isbn": "3214344132424", "price": "9.99", "seller": ["admin"], "category": 3, "picture": "1/book_images/55da20c8ed.jpg"}}, {"model": "books.book", "pk": 2, "fields": {"name": "chef Zheng", "date": "2019-02-01T04:43:16.697Z", "description": "good book", "isbn": "3123412344334", "price": "4.99", "seller": ["admin"], "category": 4, "picture": "1/book_images/2cfd77e3a0.jpg"}}, {"model": "books.book", "pk": 3, "fields": {"name": "21 Lessons for the 21st Century", "date": "2019-02-01T15:16:24.128Z", "description": "bussiness", "isbn": "1232331233223", "price": "10.00", "seller": ["admin"], "category": 5, "picture": "1/book_images/7887eb097b.jpg"}}, {"model": "books.book", "pk": 4, "fields": {"name": "Django for Beginners", "date": "2019-02-03T06:43:41.242Z", "description": "Django for Beginners", "isbn": "1232331233223", "price": "19.99", "seller": ["rubyinthebay"], "category": 17, "picture": "4/book_images/28d8da489c.jpg"}}, {"model": "books.book", "pk": 5, "fields": {"name": "Effective Python: 59 Specific Ways to Write Better Python (Effective Software Development Series)", "date": "2019-02-03T06:44:24.106Z", "description": "Used. It's easy to start writing code with Python: that's why the language is so immensely popular. However, Python has unique strengths, charms, and expressivity that can be hard to grasp at first -- as well as hidden pitfalls that can easily trip you up if you aren't aware of them. Effective Python will help you harness the full power of Python to write exceptionally robust, efficient, maintainable, and well-performing code. Utilizing the concise, scenario-driven style pioneered in Scott Meyers's best-selling Effective C++, Brett Slatkin brings together 59 Python best practices, tips, shortcuts, and realistic code examples from expert programmers.", "isbn": "1232331233223", "price": "5.99", "seller": ["testuser1"], "category": 17, "picture": "2/book_images/a02d017a31.jpg"}}, {"model": "books.book", "pk": 7, "fields": {"name": "Becoming", "date": "2019-02-03T06:47:45.715Z", "description": "becoming is the amazon best seller!", "isbn": "2132131232133", "price": "10.99", "seller": ["rubyinthebay"], "category": 2, "picture": "4/book_images/e40a90b85d.jpg"}}, {"model": "books.book", "pk": 8, "fields": {"name": "Educated: A Memoir", "date": "2019-02-04T23:23:54.934Z", "description": "E", "isbn": "2313231222222", "price": "1.00", "seller": ["hibiken"], "category": 17, "picture": "3/book_images/1ba5d3ed02.jpg"}}, {"model": "books.book", "pk": 20, "fields": {"name": "Where the Crawdads Sing", "date": "2019-02-05T03:15:25.477Z", "description": "An Amazon Best Book of August 2018: Although this is Delia Owens\u2019 first novel, she long ago distinguished herself as a gifted writer. In the mid-80s, Owens co-wrote with her husband Cry of the Kalahari, which was a best-selling, nonfictional account of traveling and researching Africa\u2019s Kalahari Desert. One of the joys of that book was the Owens\u2019 description of the natural world, and Where the Crawdads Sing is immersed in the natural world as well. The story is set in the 1950s and revolves around a young woman named Kya Clark, who is from extremely rural North Carolina. Known by others as the Marsh Girl, she lives alone in nature\u2014but the draw of other people, and specifically love, brings her into contact with the greater world. This novel has a mystery at its core, but it can be read on a variety of levels. There is great nature writing; there is coming of age; and there is literature. Crawdads is a story lovingly told\u2014one that takes its time in developing its characters and setting,", "isbn": "3214344132424", "price": "22.00", "seller": ["testuser1"], "category": 3, "picture": "2/book_images/a04499e816.jpg"}}, {"model": "books.book", "pk": 26, "fields": {"name": "Two Scoops Of Django 1.11", "date": "2019-02-06T03:56:28.250Z", "description": "\"Django is a high-level Python web framework that encourages the rapid\ndevelopment of maintainable applications. Two scoops of Django introduces\nyou to various tips, tricks, patterns, code snippets, and techniques . . .\"\n--Page 4 of cover.", "isbn": "9780692915721", "price": "22.00", "seller": ["hibiken"], "category": 1, "picture": "3/book_images/91ae8e3280.contentidRbX7swEACAAJprintsecfrontcoverimg1zoom1sourcegbs_api"}}, {"model": "books.book", "pk": 27, "fields": {"name": "This Fight Is Our Fight", "date": "2019-02-06T03:59:32.210Z", "description": "The fiery U.S. Senator from Massachusetts and bestselling author offers a\npassionate, inspiring book about why our middle class is under siege and\nhow we can win the fight to save it Senator Elizabeth Warren has long been\nan outspoken champion of America\u2019s middle class, and by the time the people\nof Massachusetts elected her in 2012, she had become one of the country\u2019s\nleading progressive voices. Now, at a perilous moment for our nation, she\nhas written a book that is at once an illuminating account of how we built\nthe strongest middle class in history, a scathing indictment of those who\nhave spent the past thirty-five years undermining working families, and a\nrousing call to action. Warren grew up in Oklahoma, and she\u2019s never\nforgotten how difficult it was for her mother and father to hold on at the\nragged edge of the middle class. An educational system that offered\nopportunities for all made it possible for her to achieve her dream of\ngoing to college, becoming a teacher, and, later, attending law school. But\nnow, for many, these kinds of opportunities are gone, and a government that\nonce looked out for working families is instead captive to the rich and\npowerful. More than seventy-five years ago, President Franklin Roosevelt\nand his New Deal ushered in an age of widespread prosperity; in the 1980s,\nPresident Ronald Reagan reversed course and sold the country on the\ndisastrous fiction called trickle-down economics. Now, with the election of\nDonald Trump\u2014a con artist who promised to drain the swamp of special\ninterests and then surrounded himself with billionaires and lobbyists\u2014the\nmiddle class is being pushed ever closer to collapse. Written in the\ncandid, high-spirited voice that is Warren\u2019s trademark, This Fight Is Our\nFight tells eye-opening stories about her battles in the Senate and vividly\ndescribes the experiences of hard-working Americans who have too often been\ngiven the short end of the stick. Elizabeth Warren has had enough of phony\npromises and a government that no longer serves its people\u2014she won\u2019t sit\ndown, she won\u2019t be silenced, and she will fight back.", "isbn": "9781250155030", "price": "10.00", "seller": ["hibiken"], "category": 6, "picture": "3/book_images/cdc2027933.contentidoefBAQAACAAJprintsecfrontcoverimg1zoom1sourcegbs_api"}}, {"model": "books.book", "pk": 28, "fields": {"name": "The Indian World Of George Washington", "date": "2019-02-06T04:00:08.741Z", "description": "\"An authoritative, sweeping, and fresh new biography of the nation's first\npresident, Colin G. Calloway's book reveals fully the dimensions and depths\nof George Washington's relations with the First Americans.\"--Provided by\npublisher.", "isbn": "9780190652166", "price": "10.00", "seller": ["hibiken"], "category": 1, "picture": "3/book_images/bf0df19487.contentidiBBQDwAAQBAJprintsecfrontcoverimg1zoom1edgecurlsourcegbs_api"}}, {"model": "books.book", "pk": 29, "fields": {"name": "The World Of Ice & Fire", "date": "2019-02-06T04:03:54.147Z", "description": "A lavishly illustrated guide to the A Song of Ice and Fire universe traces\nthe pre-historical period and the coming of the First Men through the reign\nof the Targaryen kings and Robert's Rebellion. 75,000 first printing. TV\ntie-in.", "isbn": "9780553805444", "price": "23.00", "seller": ["hibiken"], "category": 7, "picture": "3/book_images/769246439b.contentidj9qJDQAAQBAJprintsecfrontcoverimg1zoom1edgecurlsourcegbs_api"}}, {"model": "books.book", "pk": 30, "fields": {"name": "A Knight Of The Seven Kingdoms", "date": "2019-02-06T04:15:59.555Z", "description": "A collection of three novellas set almost a century before \"A Game of\r\nThrones\" and while the Targaryen line is still in power follows the\r\nadventures of Ser Duncan the Tall and his squire, a boy called Egg.", "isbn": "9780345533487", "price": "10.00", "seller": ["hibiken"], "category": 7, "picture": "3/book_images/c9abb71437.contentidF_jYCwAAQBAJprintsecfrontcoverimg1zoom1edgecurlsourcegbs_api"}}, {"model": "books.book", "pk": 31, "fields": {"name": "Mining The Social Web", "date": "2019-02-06T19:52:45.245Z", "description": "Want to tap the tremendous amount of valuable social data in Facebook,\nTwitter, LinkedIn, GitHub, Instagram, and Google+? This new edition helps\nyou discover who's making connections with social media, what they're\ntalking about, and where they're located. You'll learn how to combine\nsocial web data, analysis techniques, and visualization to find what you've\nbeen looking for in the social haystack--as well as useful information you\ndidn't know existed. Get a straightforward synopsis of the social web\nlandscape Use adaptable scripts on GitHub to harvest data from social\nnetwork APIs. Learn how to employ easy-to-use Python tools to slice and\ndice the data you collect Explore social connections in microformats with\nthe XHTML Friends Network Apply advanced mining techniques such as TF-IDF,\ncosine similarity, collocation analysis, document summarization, clique\ndetection, and image recognition Build interactive visualizations with web\ntechnologies based upon HTML5 and JavaScript toolkits", "isbn": "9781491985045", "price": "20.00", "seller": ["rubyinthebay"], "category": 17, "picture": "4/book_images/e727366aaa.contentidDXJ9DwAAQBAJprintsecfrontcoverimg1zoom1edgecurlsourcegbs_api"}}, {"model": "orders.offer", "pk": 18, "fields": {"user": ["admin"], "offer_price": "22.00"}}, {"model": "orders.offer", "pk": 19, "fields": {"user": ["admin"], "offer_price": "25.00"}}, {"model": "orders.offer", "pk": 20, "fields": {"user": ["admin"], "offer_price": "12.00"}}, {"model": "orders.offer", "pk": 21, "fields": {"user": ["admin"], "offer_price": "2.00"}}, {"model": "orders.offer", "pk": 22, "fields": {"user": ["admin"], "offer_price": "2.00"}}, {"model": "orders.offer", "pk": 23, "fields": {"user": ["admin"], "offer_price": "2.00"}}, {"model": "orders.offer", "pk": 24, "fields": {"user": ["admin"], "offer_price": "22.00"}}, {"model": "orders.offer", "pk": 25, "fields": {"user": ["admin"], "offer_price": "22.00"}}, {"model": "orders.offer", "pk": 26, "fields": {"user": ["admin"], "offer_price": "20.00"}}, {"model": "orders.offer", "pk": 27, "fields": {"user": ["admin"], "offer_price": "20.00"}}, {"model": "orders.offer", "pk": 28, "fields": {"user": ["admin"], "offer_price": "2.00"}}, {"model": "orders.offer", "pk": 29, "fields": {"user": ["admin"], "offer_price": "2.00"}}, {"model": "orders.offer", "pk": 30, "fields": {"user": ["admin"], "offer_price": "2.00"}}, {"model": "orders.offer", "pk": 31, "fields": {"user": ["admin"], "offer_price": "2.00"}}, {"model": "orders.offer", "pk": 32, "fields": {"user": ["admin"], "offer_price": "2.00"}}, {"model": "orders.offer", "pk": 33, "fields": {"user": ["admin"], "offer_price": "2.00"}}, {"model": "orders.offer", "pk": 34, "fields": {"user": ["admin"], "offer_price": "22.00"}}, {"model": "orders.offer", "pk": 35, "fields": {"user": ["admin"], "offer_price": "2.00"}}, {"model": "orders.offer", "pk": 36, "fields": {"user": ["admin"], "offer_price": "2.00"}}, {"model": "orders.offer", "pk": 37, "fields": {"user": ["admin"], "offer_price": "2.00"}}, {"model": "orders.offer", "pk": 38, "fields": {"user": ["admin"], "offer_price": "2.00"}}, {"model": "orders.offer", "pk": 39, "fields": {"user": ["admin"], "offer_price": "2.00"}}, {"model": "orders.offer", "pk": 40, "fields": {"user": ["admin"], "offer_price": "2.00"}}, {"model": "orders.offer", "pk": 41, "fields": {"user": ["admin"], "offer_price": "2.00"}}, {"model": "orders.offer", "pk": 42, "fields": {"user": ["admin"], "offer_price": "2.00"}}, {"model": "orders.offer", "pk": 43, "fields": {"user": ["admin"], "offer_price": "2.00"}}, {"model": "orders.offer", "pk": 44, "fields": {"user": ["admin"], "offer_price": "2.00"}}, {"model": "orders.offer", "pk": 45, "fields": {"user": ["admin"], "offer_price": "2.00"}}, {"model": "orders.offer", "pk": 46, "fields": {"user": ["admin"], "offer_price": "2.00"}}, {"model": "orders.offer", "pk": 47, "fields": {"user": ["admin"], "offer_price": "2.00"}}, {"model": "orders.offer", "pk": 48, "fields": {"user": ["admin"], "offer_price": "2.00"}}, {"model": "orders.offer", "pk": 49, "fields": {"user": ["admin"], "offer_price": "2.00"}}, {"model": "orders.offer", "pk": 50, "fields": {"user": ["admin"], "offer_price": "2.00"}}, {"model": "orders.offer", "pk": 51, "fields": {"user": ["admin"], "offer_price": "2.00"}}, {"model": "orders.offer", "pk": 52, "fields": {"user": ["admin"], "offer_price": "2.00"}}, {"model": "orders.offer", "pk": 53, "fields": {"user": ["admin"], "offer_price": "2.00"}}, {"model": "orders.offer", "pk": 54, "fields": {"user": ["admin"], "offer_price": "22.00"}}, {"model": "orders.offer", "pk": 55, "fields": {"user": ["admin"], "offer_price": "3.00"}}, {"model": "orders.offer", "pk": 56, "fields": {"user": ["admin"], "offer_price": "3.00"}}, {"model": "orders.offer", "pk": 57, "fields": {"user": ["admin"], "offer_price": "2.00"}}, {"model": "orders.offer", "pk": 58, "fields": {"user": ["admin"], "offer_price": "2.00"}}, {"model": "orders.offer", "pk": 59, "fields": {"user": ["admin"], "offer_price": "2.00"}}, {"model": "orders.offer", "pk": 60, "fields": {"user": ["admin"], "offer_price": "2.00"}}, {"model": "orders.offer", "pk": 61, "fields": {"user": ["admin"], "offer_price": "2.00"}}, {"model": "orders.offer", "pk": 62, "fields": {"user": ["admin"], "offer_price": "2.00"}}, {"model": "orders.offer", "pk": 63, "fields": {"user": ["admin"], "offer_price": "2.00"}}, {"model": "orders.offer", "pk": 64, "fields": {"user": ["admin"], "offer_price": "2.00"}}, {"model": "orders.offer", "pk": 65, "fields": {"user": ["admin"], "offer_price": "2.00"}}, {"model": "orders.offer", "pk": 66, "fields": {"user": ["admin"], "offer_price": "2.00"}}, {"model": "orders.offer", "pk": 67, "fields": {"user": ["admin"], "offer_price": "2.00"}}, {"model": "orders.offer", "pk": 68, "fields": {"user": ["admin"], "offer_price": "2.00"}}, {"model": "orders.offer", "pk": 69, "fields": {"user": ["admin"], "offer_price": "2.00"}}, {"model": "orders.offer", "pk": 70, "fields": {"user": ["admin"], "offer_price": "2.00"}}, {"model": "orders.offer", "pk": 71, "fields": {"user": ["admin"], "offer_price": "2.00"}}, {"model": "orders.offer", "pk": 72, "fields": {"user": ["admin"], "offer_price": "2.00"}}, {"model": "orders.offer", "pk": 73, "fields": {"user": ["admin"], "offer_price": "2.00"}}, {"model": "orders.offer", "pk": 74, "fields": {"user": ["admin"], "offer_price": "2.00"}}, {"model": "orders.offer", "pk": 75, "fields": {"user": ["admin"], "offer_price": "2.00"}}, {"model": "orders.offer", "pk": 76, "fields": {"user": ["admin"], "offer_price": "2.00"}}, {"model": "orders.offer", "pk": 77, "fields": {"user": ["admin"], "offer_price": "2.00"}}, {"model": "orders.offer", "pk": 78, "fields": {"user": ["admin"], "offer_price": "2.00"}}, {"model": "orders.offer", "pk": 79, "fields": {"user": ["admin"], "offer_price": "2.00"}}, {"model": "orders.offer", "pk": 80, "fields": {"user": ["admin"], "offer_price": "2.00"}}, {"model": "orders.offer", "pk": 81, "fields": {"user": ["admin"], "offer_price": "2.00"}}, {"model": "orders.offer", "pk": 82, "fields": {"user": ["admin"], "offer_price": "2.00"}}, {"model": "orders.offer", "pk": 83, "fields": {"user": ["admin"], "offer_price": "2.00"}}, {"model": "orders.offer", "pk": 84, "fields": {"user": ["admin"], "offer_price": "2.00"}}, {"model": "orders.offer", "pk": 85, "fields": {"user": ["admin"], "offer_price": "2.00"}}, {"model": "orders.offer", "pk": 86, "fields": {"user": ["admin"], "offer_price": "2.00"}}, {"model": "orders.offer", "pk": 87, "fields": {"user": ["admin"], "offer_price": "2.00"}}, {"model": "orders.offer", "pk": 88, "fields": {"user": ["admin"], "offer_price": "2.00"}}, {"model": "orders.offer", "pk": 89, "fields": {"user": ["admin"], "offer_price": "2.00"}}, {"model": "orders.offer", "pk": 90, "fields": {"user": ["admin"], "offer_price": "2.00"}}, {"model": "orders.offer", "pk": 91, "fields": {"user": ["admin"], "offer_price": "2.00"}}, {"model": "orders.offer", "pk": 92, "fields": {"user": ["admin"], "offer_price": "2.00"}}, {"model": "orders.offer", "pk": 93, "fields": {"user": ["admin"], "offer_price": "2.00"}}, {"model": "orders.offer", "pk": 94, "fields": {"user": ["admin"], "offer_price": "2.00"}}, {"model": "orders.offer", "pk": 95, "fields": {"user": ["admin"], "offer_price": "2.00"}}, {"model": "orders.offer", "pk": 96, "fields": {"user": ["admin"], "offer_price": "2.00"}}, {"model": "orders.offer", "pk": 97, "fields": {"user": ["admin"], "offer_price": "2.00"}}, {"model": "orders.offer", "pk": 98, "fields": {"user": ["admin"], "offer_price": "2.00"}}, {"model": "orders.offer", "pk": 99, "fields": {"user": ["admin"], "offer_price": "2.00"}}, {"model": "orders.offer", "pk": 100, "fields": {"user": ["admin"], "offer_price": "2.00"}}, {"model": "orders.offer", "pk": 101, "fields": {"user": ["admin"], "offer_price": "2.00"}}, {"model": "orders.offer", "pk": 102, "fields": {"user": ["admin"], "offer_price": "2.00"}}, {"model": "orders.offer", "pk": 103, "fields": {"user": ["admin"], "offer_price": "2.00"}}, {"model": "orders.offer", "pk": 104, "fields": {"user": ["admin"], "offer_price": "2.00"}}, {"model": "orders.offer", "pk": 105, "fields": {"user": ["admin"], "offer_price": "2.00"}}, {"model": "orders.offer", "pk": 106, "fields": {"user": ["admin"], "offer_price": "2.00"}}, {"model": "orders.offer", "pk": 107, "fields": {"user": ["admin"], "offer_price": "3.00"}}, {"model": "orders.offer", "pk": 108, "fields": {"user": ["admin"], "offer_price": "3.00"}}, {"model": "orders.offer", "pk": 109, "fields": {"user": ["admin"], "offer_price": "3.00"}}, {"model": "orders.offer", "pk": 110, "fields": {"user": ["admin"], "offer_price": "3.00"}}, {"model": "orders.offer", "pk": 111, "fields": {"user": ["admin"], "offer_price": "3.00"}}, {"model": "orders.offer", "pk": 112, "fields": {"user": ["admin"], "offer_price": "2.00"}}, {"model": "orders.offer", "pk": 113, "fields": {"user": ["admin"], "offer_price": "22.00"}}, {"model": "orders.offer", "pk": 114, "fields": {"user": ["admin"], "offer_price": "2.00"}}, {"model": "orders.offer", "pk": 115, "fields": {"user": ["admin"], "offer_price": "22.00"}}, {"model": "orders.offer", "pk": 116, "fields": {"user": ["admin"], "offer_price": "22.00"}}, {"model": "orders.offer", "pk": 117, "fields": {"user": ["admin"], "offer_price": "22.00"}}, {"model": "orders.offer", "pk": 118, "fields": {"user": ["admin"], "offer_price": "2.00"}}, {"model": "orders.offer", "pk": 119, "fields": {"user": ["admin"], "offer_price": "2.00"}}, {"model": "orders.offer", "pk": 120, "fields": {"user": ["admin"], "offer_price": "2.00"}}, {"model": "orders.offer", "pk": 121, "fields": {"user": ["admin"], "offer_price": "33.00"}}, {"model": "orders.offer", "pk": 122, "fields": {"user": ["admin"], "offer_price": "3.00"}}, {"model": "orders.offer", "pk": 123, "fields": {"user": ["admin"], "offer_price": "3.00"}}, {"model": "orders.offer", "pk": 124, "fields": {"user": ["admin"], "offer_price": "6.00"}}, {"model": "orders.offer", "pk": 125, "fields": {"user": ["admin"], "offer_price": "9.00"}}, {"model": "orders.offer", "pk": 126, "fields": {"user": ["admin"], "offer_price": "2.00"}}, {"model": "orders.offer", "pk": 127, "fields": {"user": ["admin"], "offer_price": "2.00"}}, {"model": "orders.offer", "pk": 128, "fields": {"user": ["admin"], "offer_price": "22.00"}}, {"model": "orders.offer", "pk": 129, "fields": {"user": ["admin"], "offer_price": "2.00"}}, {"model": "orders.offer", "pk": 130, "fields": {"user": ["admin"], "offer_price": "2.00"}}, {"model": "orders.offer", "pk": 131, "fields": {"user": ["Peizhi"], "offer_price": "2.00"}}, {"model": "orders.offer", "pk": 132, "fields": {"user": ["Peizhi"], "offer_price": "2.00"}}, {"model": "orders.offer", "pk": 133, "fields": {"user": ["Peizhi"], "offer_price": "2.00"}}, {"model": "orders.offer", "pk": 134, "fields": {"user": ["Peizhi"], "offer_price": "2.00"}}, {"model": "actions.action", "pk": 1, "fields": {"user": ["hibiken"], "verb": "follows", "target_ct": ["users", "customuser"], "target_id": 1, "created": "2019-02-04T22:28:09.381Z"}}, {"model": "actions.action", "pk": 2, "fields": {"user": ["hibiken"], "verb": "follows", "target_ct": ["users", "customuser"], "target_id": 2, "created": "2019-02-04T22:43:14.311Z"}}, {"model": "actions.action", "pk": 3, "fields": {"user": ["hibiken"], "verb": "selling a book", "target_ct": ["books", "book"], "target_id": 19, "created": "2019-02-05T00:22:27.101Z"}}, {"model": "actions.action", "pk": 4, "fields": {"user": ["testuser1"], "verb": "selling a book", "target_ct": ["books", "book"], "target_id": 20, "created": "2019-02-05T03:15:25.488Z"}}, {"model": "actions.action", "pk": 5, "fields": {"user": ["hibiken"], "verb": "is following", "target_ct": ["users", "customuser"], "target_id": 2, "created": "2019-02-05T03:22:26.988Z"}}, {"model": "actions.action", "pk": 6, "fields": {"user": ["hibiken"], "verb": "is following", "target_ct": ["users", "customuser"], "target_id": 2, "created": "2019-02-05T03:24:37.936Z"}}, {"model": "actions.action", "pk": 7, "fields": {"user": ["hibiken"], "verb": "is following", "target_ct": ["users", "customuser"], "target_id": 4, "created": "2019-02-05T04:40:22.515Z"}}, {"model": "actions.action", "pk": 8, "fields": {"user": ["hibiken"], "verb": "is following", "target_ct": ["users", "customuser"], "target_id": 4, "created": "2019-02-05T05:02:22.038Z"}}, {"model": "actions.action", "pk": 9, "fields": {"user": ["Peizhi"], "verb": "is following", "target_ct": ["users", "customuser"], "target_id": 4, "created": "2019-02-11T20:47:40.728Z"}}, {"model": "social_django.usersocialauth", "pk": 8, "fields": {"user": ["Peizhi"], "provider": "facebook", "uid": "1214424895375623", "extra_data": "{\"auth_time\": 1549917542, \"id\": \"1214424895375623\", \"expires\": 5179912, \"granted_scopes\": [\"email\", \"public_profile\"], \"denied_scopes\": null, \"access_token\": \"EAARaRXQfiegBAB9GrsuhJNtjeTfZAsmipEnv9abgKjga0PyRU6TZCW1NxZANDRbvAakCFFJBYk9mEZCENvqpviykrZALjGZA62dkCMI0W3Mi7eg1Kgw1vCYeQ4kdj3TaNEsAS2uTksV2riwZC3oRiRpPNetLTZBd1kNWCwp5bNAc2wZDZD\", \"token_type\": null}"}}, {"model": "admin.logentry", "pk": 1, "fields": {"action_time": "2019-02-01T04:33:53.094Z", "user": ["admin"], "content_type": ["users", "customuser"], "object_id": "2", "object_repr": "testuser1", "action_flag": 1, "change_message": "[{\"added\": {}}]"}}, {"model": "admin.logentry", "pk": 2, "fields": {"action_time": "2019-02-01T04:34:19.037Z", "user": ["admin"], "content_type": ["users", "customuser"], "object_id": "3", "object_repr": "hibiken", "action_flag": 1, "change_message": "[{\"added\": {}}]"}}, {"model": "admin.logentry", "pk": 3, "fields": {"action_time": "2019-02-01T04:34:36.815Z", "user": ["admin"], "content_type": ["users", "customuser"], "object_id": "4", "object_repr": "rubyinthebay", "action_flag": 1, "change_message": "[{\"added\": {}}]"}}, {"model": "admin.logentry", "pk": 4, "fields": {"action_time": "2019-02-01T04:38:38.288Z", "user": ["admin"], "content_type": ["books", "category"], "object_id": "1", "object_repr": "Arts & Photography", "action_flag": 1, "change_message": "[{\"added\": {}}]"}}, {"model": "admin.logentry", "pk": 5, "fields": {"action_time": "2019-02-01T04:38:54.228Z", "user": ["admin"], "content_type": ["books", "category"], "object_id": "2", "object_repr": "Biographies & Memoirs", "action_flag": 1, "change_message": "[{\"added\": {}}]"}}, {"model": "admin.logentry", "pk": 6, "fields": {"action_time": "2019-02-01T04:39:07.790Z", "user": ["admin"], "content_type": ["books", "category"], "object_id": "3", "object_repr": "Business & Money", "action_flag": 1, "change_message": "[{\"added\": {}}]"}}, {"model": "admin.logentry", "pk": 7, "fields": {"action_time": "2019-02-01T04:39:59.858Z", "user": ["admin"], "content_type": ["books", "category"], "object_id": "4", "object_repr": "Cookbooks, Food & Wine", "action_flag": 1, "change_message": "[{\"added\": {}}]"}}, {"model": "admin.logentry", "pk": 8, "fields": {"action_time": "2019-02-01T04:40:18.633Z", "user": ["admin"], "content_type": ["books", "category"], "object_id": "5", "object_repr": "History", "action_flag": 1, "change_message": "[{\"added\": {}}]"}}, {"model": "admin.logentry", "pk": 9, "fields": {"action_time": "2019-02-01T04:44:42.081Z", "user": ["admin"], "content_type": ["taggit", "tag"], "object_id": "1", "object_repr": "django", "action_flag": 1, "change_message": "[{\"added\": {}}]"}}, {"model": "admin.logentry", "pk": 10, "fields": {"action_time": "2019-02-01T04:44:58.069Z", "user": ["admin"], "content_type": ["taggit", "tag"], "object_id": "2", "object_repr": "business", "action_flag": 1, "change_message": "[{\"added\": {}}]"}}, {"model": "admin.logentry", "pk": 11, "fields": {"action_time": "2019-02-01T04:45:34.892Z", "user": ["admin"], "content_type": ["taggit", "tag"], "object_id": "3", "object_repr": "food", "action_flag": 1, "change_message": "[{\"added\": {}}]"}}, {"model": "admin.logentry", "pk": 12, "fields": {"action_time": "2019-02-01T04:45:48.296Z", "user": ["admin"], "content_type": ["books", "book"], "object_id": "2", "object_repr": "chef Zheng", "action_flag": 2, "change_message": "[{\"changed\": {\"fields\": [\"tags\"]}}]"}}, {"model": "admin.logentry", "pk": 13, "fields": {"action_time": "2019-02-01T04:45:54.022Z", "user": ["admin"], "content_type": ["books", "book"], "object_id": "1", "object_repr": "Bad Blood: Secrets and Lies in a Silicon Valley Startup", "action_flag": 2, "change_message": "[{\"changed\": {\"fields\": [\"tags\"]}}]"}}, {"model": "admin.logentry", "pk": 14, "fields": {"action_time": "2019-02-03T05:05:13.270Z", "user": ["admin"], "content_type": ["books", "category"], "object_id": "6", "object_repr": "Travel", "action_flag": 1, "change_message": "[{\"added\": {}}]"}}, {"model": "admin.logentry", "pk": 15, "fields": {"action_time": "2019-02-03T05:10:01.903Z", "user": ["admin"], "content_type": ["books", "category"], "object_id": "7", "object_repr": "Mystery, Thriller & Suspense", "action_flag": 1, "change_message": "[{\"added\": {}}]"}}, {"model": "admin.logentry", "pk": 16, "fields": {"action_time": "2019-02-03T05:10:45.608Z", "user": ["admin"], "content_type": ["books", "category"], "object_id": "8", "object_repr": "Test Preparation", "action_flag": 1, "change_message": "[{\"added\": {}}]"}}, {"model": "admin.logentry", "pk": 17, "fields": {"action_time": "2019-02-03T05:10:57.778Z", "user": ["admin"], "content_type": ["books", "category"], "object_id": "9", "object_repr": "Teen & Young Adult", "action_flag": 1, "change_message": "[{\"added\": {}}]"}}, {"model": "admin.logentry", "pk": 18, "fields": {"action_time": "2019-02-03T05:16:00.154Z", "user": ["admin"], "content_type": ["books", "book"], "object_id": "3", "object_repr": "ss", "action_flag": 2, "change_message": "[{\"changed\": {\"fields\": [\"price\"]}}]"}}, {"model": "admin.logentry", "pk": 19, "fields": {"action_time": "2019-02-03T05:16:00.162Z", "user": ["admin"], "content_type": ["books", "book"], "object_id": "2", "object_repr": "chef Zheng", "action_flag": 2, "change_message": "[{\"changed\": {\"fields\": [\"price\"]}}]"}}, {"model": "admin.logentry", "pk": 20, "fields": {"action_time": "2019-02-03T05:16:00.170Z", "user": ["admin"], "content_type": ["books", "book"], "object_id": "1", "object_repr": "Bad Blood: Secrets and Lies in a Silicon Valley Startup", "action_flag": 2, "change_message": "[{\"changed\": {\"fields\": [\"price\"]}}]"}}, {"model": "admin.logentry", "pk": 21, "fields": {"action_time": "2019-02-03T05:19:00.956Z", "user": ["admin"], "content_type": ["books", "category"], "object_id": "10", "object_repr": "Lesbian, Gay, Bisexual & Transgender Books", "action_flag": 1, "change_message": "[{\"added\": {}}]"}}, {"model": "admin.logentry", "pk": 22, "fields": {"action_time": "2019-02-03T05:19:16.688Z", "user": ["admin"], "content_type": ["books", "category"], "object_id": "11", "object_repr": "Comics & Graphic Novels", "action_flag": 1, "change_message": "[{\"added\": {}}]"}}, {"model": "admin.logentry", "pk": 23, "fields": {"action_time": "2019-02-03T05:19:31.420Z", "user": ["admin"], "content_type": ["books", "category"], "object_id": "12", "object_repr": "Calendars", "action_flag": 1, "change_message": "[{\"added\": {}}]"}}, {"model": "admin.logentry", "pk": 24, "fields": {"action_time": "2019-02-03T05:19:49.525Z", "user": ["admin"], "content_type": ["books", "category"], "object_id": "13", "object_repr": "Parenting & Relationships", "action_flag": 1, "change_message": "[{\"added\": {}}]"}}, {"model": "admin.logentry", "pk": 25, "fields": {"action_time": "2019-02-03T05:19:58.469Z", "user": ["admin"], "content_type": ["books", "category"], "object_id": "14", "object_repr": "Health, Fitness & Dieting", "action_flag": 1, "change_message": "[{\"added\": {}}]"}}, {"model": "admin.logentry", "pk": 26, "fields": {"action_time": "2019-02-03T05:20:07.404Z", "user": ["admin"], "content_type": ["books", "category"], "object_id": "15", "object_repr": "Humor & Entertainment", "action_flag": 1, "change_message": "[{\"added\": {}}]"}}, {"model": "admin.logentry", "pk": 27, "fields": {"action_time": "2019-02-03T05:20:16.920Z", "user": ["admin"], "content_type": ["books", "category"], "object_id": "16", "object_repr": "Sports & Outdoors", "action_flag": 1, "change_message": "[{\"added\": {}}]"}}, {"model": "admin.logentry", "pk": 28, "fields": {"action_time": "2019-02-03T05:20:24.810Z", "user": ["admin"], "content_type": ["books", "category"], "object_id": "17", "object_repr": "Education & Teaching", "action_flag": 1, "change_message": "[{\"added\": {}}]"}}, {"model": "admin.logentry", "pk": 29, "fields": {"action_time": "2019-02-03T05:20:36.503Z", "user": ["admin"], "content_type": ["books", "category"], "object_id": "18", "object_repr": "Science Fiction & Fantasy", "action_flag": 1, "change_message": "[{\"added\": {}}]"}}, {"model": "admin.logentry", "pk": 30, "fields": {"action_time": "2019-02-03T06:39:38.197Z", "user": ["admin"], "content_type": ["books", "book"], "object_id": "3", "object_repr": "21 Lessons for the 21st Century", "action_flag": 2, "change_message": "[{\"changed\": {\"fields\": [\"name\", \"category\", \"tags\"]}}]"}}, {"model": "admin.logentry", "pk": 31, "fields": {"action_time": "2019-02-03T06:39:46.793Z", "user": ["admin"], "content_type": ["books", "book"], "object_id": "1", "object_repr": "Bad Blood: Secrets and Lies in a Silicon Valley Startup", "action_flag": 2, "change_message": "[{\"changed\": {\"fields\": [\"tags\"]}}]"}}, {"model": "admin.logentry", "pk": 32, "fields": {"action_time": "2019-02-03T06:43:41.253Z", "user": ["admin"], "content_type": ["books", "book"], "object_id": "4", "object_repr": "Django for Beginners", "action_flag": 1, "change_message": "[{\"added\": {}}]"}}, {"model": "admin.logentry", "pk": 33, "fields": {"action_time": "2019-02-03T06:44:24.123Z", "user": ["admin"], "content_type": ["books", "book"], "object_id": "5", "object_repr": "Effective Python: 59 Specific Ways to Write Better Python (Effective Software Development Series)", "action_flag": 1, "change_message": "[{\"added\": {}}]"}}, {"model": "admin.logentry", "pk": 34, "fields": {"action_time": "2019-02-03T06:45:04.920Z", "user": ["admin"], "content_type": ["books", "book"], "object_id": "6", "object_repr": "Build websites with Python and Django", "action_flag": 1, "change_message": "[{\"added\": {}}]"}}, {"model": "admin.logentry", "pk": 35, "fields": {"action_time": "2019-02-03T06:46:07.255Z", "user": ["admin"], "content_type": ["books", "book"], "object_id": "3", "object_repr": "21 Lessons for the 21st Century", "action_flag": 2, "change_message": "[{\"changed\": {\"fields\": [\"picture\", \"tags\"]}}]"}}, {"model": "admin.logentry", "pk": 36, "fields": {"action_time": "2019-02-03T06:46:41.209Z", "user": ["admin"], "content_type": ["books", "book"], "object_id": "3", "object_repr": "21 Lessons for the 21st Century", "action_flag": 2, "change_message": "[{\"changed\": {\"fields\": [\"picture\", \"tags\"]}}]"}}, {"model": "admin.logentry", "pk": 37, "fields": {"action_time": "2019-02-03T06:47:45.733Z", "user": ["admin"], "content_type": ["books", "book"], "object_id": "7", "object_repr": "Becoming", "action_flag": 1, "change_message": "[{\"added\": {}}]"}}, {"model": "admin.logentry", "pk": 38, "fields": {"action_time": "2019-02-04T22:28:09.384Z", "user": ["admin"], "content_type": ["actions", "action"], "object_id": "1", "object_repr": "Action object (1)", "action_flag": 1, "change_message": "[{\"added\": {}}]"}}, {"model": "admin.logentry", "pk": 39, "fields": {"action_time": "2019-02-04T22:43:14.319Z", "user": ["admin"], "content_type": ["actions", "action"], "object_id": "2", "object_repr": "Action object (2)", "action_flag": 1, "change_message": "[{\"added\": {}}]"}}, {"model": "admin.logentry", "pk": 40, "fields": {"action_time": "2019-02-08T04:27:54.942Z", "user": ["admin"], "content_type": ["orders", "offer"], "object_id": "16", "object_repr": "Offer object (16)", "action_flag": 2, "change_message": "[]"}}, {"model": "admin.logentry", "pk": 41, "fields": {"action_time": "2019-02-08T04:29:52.316Z", "user": ["admin"], "content_type": ["orders", "offer"], "object_id": "17", "object_repr": "Offer object (17)", "action_flag": 1, "change_message": "[{\"added\": {}}]"}}, {"model": "admin.logentry", "pk": 42, "fields": {"action_time": "2019-02-08T04:33:49.118Z", "user": ["admin"], "content_type": ["orders", "offer"], "object_id": "17", "object_repr": "Order 17", "action_flag": 3, "change_message": ""}}, {"model": "admin.logentry", "pk": 43, "fields": {"action_time": "2019-02-08T04:33:49.122Z", "user": ["admin"], "content_type": ["orders", "offer"], "object_id": "16", "object_repr": "Order 16", "action_flag": 3, "change_message": ""}}, {"model": "admin.logentry", "pk": 44, "fields": {"action_time": "2019-02-08T04:33:49.124Z", "user": ["admin"], "content_type": ["orders", "offer"], "object_id": "15", "object_repr": "Order 15", "action_flag": 3, "change_message": ""}}, {"model": "admin.logentry", "pk": 45, "fields": {"action_time": "2019-02-08T04:33:49.126Z", "user": ["admin"], "content_type": ["orders", "offer"], "object_id": "14", "object_repr": "Order 14", "action_flag": 3, "change_message": ""}}, {"model": "admin.logentry", "pk": 46, "fields": {"action_time": "2019-02-08T04:33:49.130Z", "user": ["admin"], "content_type": ["orders", "offer"], "object_id": "13", "object_repr": "Order 13", "action_flag": 3, "change_message": ""}}, {"model": "admin.logentry", "pk": 47, "fields": {"action_time": "2019-02-08T04:33:49.134Z", "user": ["admin"], "content_type": ["orders", "offer"], "object_id": "12", "object_repr": "Order 12", "action_flag": 3, "change_message": ""}}, {"model": "admin.logentry", "pk": 48, "fields": {"action_time": "2019-02-08T04:33:49.137Z", "user": ["admin"], "content_type": ["orders", "offer"], "object_id": "11", "object_repr": "Order 11", "action_flag": 3, "change_message": ""}}, {"model": "admin.logentry", "pk": 49, "fields": {"action_time": "2019-02-08T04:33:49.139Z", "user": ["admin"], "content_type": ["orders", "offer"], "object_id": "10", "object_repr": "Order 10", "action_flag": 3, "change_message": ""}}, {"model": "admin.logentry", "pk": 50, "fields": {"action_time": "2019-02-08T04:33:49.141Z", "user": ["admin"], "content_type": ["orders", "offer"], "object_id": "9", "object_repr": "Order 9", "action_flag": 3, "change_message": ""}}, {"model": "admin.logentry", "pk": 51, "fields": {"action_time": "2019-02-08T04:33:49.180Z", "user": ["admin"], "content_type": ["orders", "offer"], "object_id": "8", "object_repr": "Order 8", "action_flag": 3, "change_message": ""}}, {"model": "admin.logentry", "pk": 52, "fields": {"action_time": "2019-02-08T04:33:49.182Z", "user": ["admin"], "content_type": ["orders", "offer"], "object_id": "7", "object_repr": "Order 7", "action_flag": 3, "change_message": ""}}, {"model": "admin.logentry", "pk": 53, "fields": {"action_time": "2019-02-08T04:33:49.184Z", "user": ["admin"], "content_type": ["orders", "offer"], "object_id": "6", "object_repr": "Order 6", "action_flag": 3, "change_message": ""}}, {"model": "admin.logentry", "pk": 54, "fields": {"action_time": "2019-02-08T04:33:49.186Z", "user": ["admin"], "content_type": ["orders", "offer"], "object_id": "5", "object_repr": "Order 5", "action_flag": 3, "change_message": ""}}, {"model": "admin.logentry", "pk": 55, "fields": {"action_time": "2019-02-08T04:33:49.190Z", "user": ["admin"], "content_type": ["orders", "offer"], "object_id": "4", "object_repr": "Order 4", "action_flag": 3, "change_message": ""}}, {"model": "admin.logentry", "pk": 56, "fields": {"action_time": "2019-02-08T04:33:49.193Z", "user": ["admin"], "content_type": ["orders", "offer"], "object_id": "3", "object_repr": "Order 3", "action_flag": 3, "change_message": ""}}, {"model": "admin.logentry", "pk": 57, "fields": {"action_time": "2019-02-08T04:33:49.196Z", "user": ["admin"], "content_type": ["orders", "offer"], "object_id": "2", "object_repr": "Order 2", "action_flag": 3, "change_message": ""}}, {"model": "admin.logentry", "pk": 58, "fields": {"action_time": "2019-02-08T04:33:49.199Z", "user": ["admin"], "content_type": ["orders", "offer"], "object_id": "1", "object_repr": "Order 1", "action_flag": 3, "change_message": ""}}, {"model": "admin.logentry", "pk": 59, "fields": {"action_time": "2019-02-08T17:23:10.133Z", "user": ["admin"], "content_type": ["orders", "order"], "object_id": "19", "object_repr": "Order Order 19", "action_flag": 1, "change_message": "[{\"added\": {}}]"}}, {"model": "admin.logentry", "pk": 60, "fields": {"action_time": "2019-02-08T20:19:17.794Z", "user": ["admin"], "content_type": ["orders", "order"], "object_id": "44", "object_repr": "Order Order 44", "action_flag": 1, "change_message": "[{\"added\": {}}]"}}, {"model": "admin.logentry", "pk": 61, "fields": {"action_time": "2019-02-08T21:58:37.784Z", "user": ["admin"], "content_type": ["orders", "order"], "object_id": "94", "object_repr": "Order object (94)", "action_flag": 1, "change_message": "[{\"added\": {}}]"}}]